-- phpMyAdmin SQL Dump
-- version 4.0.4
-- http://www.phpmyadmin.net
--
-- Client: localhost
-- Généré le: Mar 27 Mars 2018 à 15:28
-- Version du serveur: 5.6.12-log
-- Version de PHP: 5.4.12

SET SQL_MODE = "NO_AUTO_VALUE_ON_ZERO";
SET time_zone = "+00:00";


/*!40101 SET @OLD_CHARACTER_SET_CLIENT=@@CHARACTER_SET_CLIENT */;
/*!40101 SET @OLD_CHARACTER_SET_RESULTS=@@CHARACTER_SET_RESULTS */;
/*!40101 SET @OLD_COLLATION_CONNECTION=@@COLLATION_CONNECTION */;
/*!40101 SET NAMES utf8 */;

--
-- Base de données: `carl500_new_v1`
--
CREATE DATABASE IF NOT EXISTS `carl500_new_v1` DEFAULT CHARACTER SET latin1 COLLATE latin1_general_ci;
USE `carl500_new_v1`;

-- --------------------------------------------------------

--
-- Structure de la table `band`
--

CREATE TABLE IF NOT EXISTS `band` (
  `id` int(11) NOT NULL AUTO_INCREMENT,
  `name` varchar(45) COLLATE latin1_general_ci DEFAULT NULL,
  `nb_people` int(11) DEFAULT NULL,
  `hebergement` int(11) DEFAULT NULL,
  `check_band` int(1) DEFAULT NULL,
  `scenario_depart` varchar(2000) COLLATE latin1_general_ci DEFAULT NULL,
  `scenario_arrivee` varchar(2000) COLLATE latin1_general_ci DEFAULT NULL,
  `validation` tinyint(1) NOT NULL DEFAULT '0',
  `jour_passage` datetime DEFAULT NULL,
  `rappel` tinyint(1) DEFAULT NULL,
  `comments` varchar(2000) COLLATE latin1_general_ci DEFAULT NULL,
  PRIMARY KEY (`id`)
) ENGINE=InnoDB  DEFAULT CHARSET=latin1 COLLATE=latin1_general_ci AUTO_INCREMENT=76 ;

--
-- Contenu de la table `band`
--

INSERT INTO `band` (`id`, `name`, `nb_people`, `hebergement`, `check_band`, `scenario_depart`, `scenario_arrivee`, `validation`, `jour_passage`, `rappel`, `comments`) VALUES
(2, 'DELUXE', 18, 144, NULL, '[Babeth] Autonome\r\n[run cree] prendre Boby Allain a la gscene glenmore a 1h30 et le deposer a l''hotel mercure Quimper', '[Babeth] 13/07 : Prévoir run au Noz Vad pour emmener les 3 chauffeurs et voir les horaires de retour avec eux\r\n[run cree] prendre Boby Allain a la gare de Guingamp a 13H45 et le deposer a la scene Glenmore', 1, '2017-07-13 18:05:00', 0, 'Contact : Fredo (tourman) - deluxe.regie@gmail.com - 06 86 25 45 90\r\nAxel (dir tech) - axel.gentilleau@gmail.com - 06 35 58 95 16'),
(3, 'MANU CHAO', 12, 216, NULL, '[run cree Babeth] Déposer 12 pers. à l''hôtel après concert - à 2H30', '[run cree Babeth] 13/07 : Pick up de 11 pers. à l''hôtel à 9h00\r\n[run cree Babeth] 13/07 : Pick up Manu Chao à 12h30\r\n[run cree] 13/07 : Pick de 3 personnes dont Virginie HAYE - Mobile + 33 6 08 84 13 98 gare de Carhaix vers site - Train arrive à 11:44 a Carhaix\r\n\r\nA faire en plus : prévenir les cars SALAUN (Gilbert - 02 98 16 12 66) Départ vers Guéret a 12h00. ok booké avec Gilbert', 1, '2017-07-13 21:15:00', 1, 'Contact : Login Kochishki - login@password.mk'),
(4, 'JUSTICE', 30, 0, NULL, '[run créé Babeth] 14/07 02:45 Christel MARTINET Site -> Noz Vad\r\n[run cree] ramener Pietr Maesschalck a la gare de Guingamp le vendredi matin (tot) pour un train a 6h22', 'So the trucks and busses will arrive around 4-7pm on Wednesday evening with all gear and crew\r\nConcerning the band, they will be coming in on the showday\r\n\r\n[run cree] recuperer un membre du groupe a la gare de guingamp a 15h30 le 13/07 et l''amener sur site\r\nrun cree] recuperer la baysiter a la gare de guingamp a 15h30 le 13/07 et l''amener sur site\r\nrun cree] xavier a vannes a 14H50 et l''amener sur site. (Parc du Golfe - Gare Maritime - Vannes)\r\n\r\n[run créé Babeth] 13/07 : Christel MARTINET Gare de Carhaix -> hôtel Noz Vad -> Site - Train arrive à 14:35.', 0, '2017-07-13 01:00:00', 0, 'Contacts : Piet Maesschalck (tourman) - piet.maesschalck@lobbycall.com - +32 473 65 33 95\r\nManu Mouton (régie) - manueldelavega@me.com - 06 17 51 06 13'),
(5, 'TALISCO', 7, 0, NULL, 'Autonomes', 'Arrivée prévue vers 12h\r\nAutonomes', 1, '2017-07-13 17:00:00', 0, 'Contact : Jérôme TETI - jerome.teti@gmail.com - 06 34 64 22 84'),
(6, 'LAMOMALI DE -M-', 40, 144, NULL, 'Autonomes', 'Prévoir des runs Noz Vad (4 day rooms bookées)\r\naller chercher Pierre Olivier Toutblanc a la gare de carhaix a 14h35 (06 30 49 80 64) (le 13/07)\r\nvoir pour une escorte qui vient de Plouider', 1, '2017-07-13 19:40:00', 1, 'Contact - Feal (régie artiste) - fealcooljazz@gmail.com - 06 13 12 41 40\r\nDefre (dir tech) - defre.regie@gmail.com - 06 07 69 45 48'),
(7, 'PNL', 24, 0, NULL, 'autonome', 'autonome\r\n\r\nArrivée entre 5h et 6h\r\n2 tourbus parking Kerouac\r\n1 semi à quai\r\n\r\n[run cree] J13 : prendre Madje Malki (06 07 04 25 78) a l''hotel Oceania brest centre à 16h et venir sur site (Ingenieur son)\r\n\r\nday room a prevoir\r\n\r\nUn des 2 artistes doit venir du Noz Vad vers le festival avec le management , avec leur voiture (la Audi A3)\r\nmais j’ai peur qu’ils se perdent sur les accès barrés … donc je serais rassuré qu’un de tes runners soit a l’hotel a 8h et les escorte jusqu’au festival … (je peux même te mettre quelqu’un de l’équipe PNL dans le run pour aider si besoin)\r\n', 1, '2017-07-13 23:45:00', 0, 'Contact : Yann Le Clezio - yannleclezio@me.com - 07 86 53 02 95'),
(8, 'ISEO & DODOSOUND', 7, 0, NULL, 'Autonomes', 'Arrivée vers 11:30\r\nAutonomes', 1, '2017-07-13 16:30:00', 0, 'Contact : Morgan Le Godec - elephantsoundz@gmail.com - 06 22 86 65 22'),
(9, 'ROCKY', 7, 155, NULL, '[run cree] retour de la chanteuse a l''hotel Ibis Guingamp.\r\n\r\nTAXI : Transfert de la chanteuse de l''hôtel à gare de Guingamp pour départ train à 10h18', '[run cree] Arrivée de la chanteuse à la gare de Guingamp à 14h34 - (Ines 06 58 01 73 46)', 1, '2017-07-13 18:10:00', 0, 'Contact : François Vasseur - francois@betenoire.fr - 06 51 15 72 26'),
(10, 'ALLTTA', 9, 146, NULL, '[run cree] Kolia : Transfert site -> Hotel arrivée: horaire non connu\r\n\r\nVerifier l''horaire le jour meme\r\n\r\nLes autres sont autonomes', '[run cree]1 personne qui arrivera à 15:30 à Guingamp et qui ira sur site (Yann NEDELEC) (Le run de Yann NEDELEC est annulé pour demain à 15:30 (Guingamp > Festival)\r\n[run cree]A 17:30, 2 personnes (Kolia RUSTIN et Jason MEDEIROS) arriveront en gare de Guingamp. Kolia déposera en vitesse ses affaires à l''hotel en face et ils fileront tous les 2 sur site.', 1, '2017-07-13 20:00:00', 1, 'Contact : PP (Pierre-Philippe Bouard) - ppbouard@gmail.com - 06 71 13 31 81'),
(11, 'FEDER', 8, 213, NULL, '[run créé Babeth] After show (horaire à confirmer) : transfert de 8 personnes de Grall vers hotel Best Western Europe Brest\r\n[run créé Babeth] After show (horaire à confirmer) :  transfert Grall -> Noz Vad pour Franz & Fabien\r\n\r\n[A FAIRE] 14/07 : Taxis à prévoir entre hotel et aéroport de Brest (voir mail de Tony du 11/07 à 14:53)', '[run créé Babeth] 13/07 : Transfert de 3 pers. (Nico + Franz + Theo) de Aéroport de Brest vers Grall - Vol HOP A55360 en provenance d''Orly à 08:10\r\n[run créé Babeth] 13/07 : Transfert de 1 pers. (Tommy) de Gare de Guingamp vers Grall - Train arrive à 15:30\r\n[run créé Babeth] 13/07 : Transfert de 5 pers. (Hadrien + Simon + Florie + Michel + Sylvianne) de Aéroport de Brest vers Hotel Brest puis départ 18:00 pour scène Grall - Vol AF7738 en provenance d''Orly à 16:15\r\n[run créé Babeth] 13/07 14:00 : transfert Grall -> Noz Vad pour Franz & Fabien\r\n[run créé Babeth] 13/07 19:00 : transfert Noz Vad -> Grall pour Franz & Fabien', 1, '2017-07-13 21:50:00', 0, 'Contact : Theo Varlet (tourman) - t.o@la-rocket.com - 06 22 93 00 16'),
(12, 'OTZEKI', 5, 147, NULL, '14/07 02:30 : Transfert site -> hôtel Guingamp (brit armor) pour 6 personnes + gros synthé + bagages (prevoir un 9 places)', '[run cree] Arrivée de Nicolas Jammas à gare de guingamp le 13/07 à 15:30 -> site\r\n[run cree] arrivée de 5 personnes a la gare de guingamp a 13h20 (avec bagage et synthé) (prendre un 9 places) et les amener sr site.\r\n', 1, '2017-07-13 23:35:00', 0, 'Contact Nicolas Jammas - nicolas@unit-production.com - 06 83 71 75 66'),
(13, 'THE INSPECTOR CLUZO', 14, 144, NULL, 'Autonomes', 'Autonomes.\r\narrive vers 12h en 2 groupes\r\nDeux Twins réservées au Noz Vad pour la nuit du 13 au 14', 1, '2017-07-13 01:00:00', 0, 'Contact : Laurent / Mathieu - booking@teraterre.com - 06 87 30 17 33'),
(14, 'SHAME ', 7, 0, NULL, 'autonome', 'autonome', 1, '2017-07-13 19:00:00', 0, 'Pas de commentaire'),
(15, 'TOTORRO', 5, 0, NULL, '', '', 1, '2017-07-13 20:30:00', 0, 'Pas de commentaire'),
(16, 'MEUTE', 13, 158, NULL, '[run créé Babeth] After Show (horaire à confirmer) : transfert de 13 personnes ( + bagages et gros instruments ) à Hôtel Ibis Lorient Gare\r\nPrévoir deux travellers pour les artistes + le boxer pour les bagages', '[run créé Babeth] 13/07 : Arrivée de 13 personnes ( + bagages et gros instruments ) à gare de Guingamp à 15h30\r\nPrévoir deux travellers pour les artistes + le boxer pour les bagages\r\n', 1, '2017-07-13 22:15:00', 0, 'Contact : Mélanie - melanie@afx-booking.eu - 06 24 33 24 07'),
(17, 'DROPKICK MURPHYS', 24, 0, NULL, '15 Juillet\r\nIls prendront taxi pour aller à la gare .. (Laurent / Olivier : Calez vous ce taxi en arrivant à l’hotel, voir la veille vu les nombreux départs ..)', '14 Juillet : DROPKCICK MURPHYS\r\nAucune demande transport pour le band / crew  à ce jour et je pense que ça ne bougera pas ..\r\nEt voici les autres dont ceux que tu as déjà noté\r\n[run cree] 08:30 : NOZ VAD >> Festival =  1 pers (moi) / 1 voiture\r\n[run cree] 12:31 : Gare de GUINGAMP (en provenance de Rennes) >> Festival =  2 pers / 1 voiture\r\nContacts : Laurent CASTANIÉ 06 74 79 35 47 + Olivier GARNIER  06 80 87 87 40 \r\n[run cree] After show (dans la soirée à caler avec Laurent) :  Festival >> Hotel IBIS GUINGAMP 6 Rui de la Chesnaie = 2 pers\r\n[run cree] After show (vers 00:00) = Festival >> NOZ VAD = 1 pers (moi) / 1 voiture', 1, '2017-07-14 16:45:00', 0, 'Pas de commentaire'),
(18, 'RENAUD', 40, 152, NULL, 'autonome.', 'autonome. \r\nAssistance pour l''arrivée du tourbus prevu le 14 vers 17h30\r\nFrancois organise cela.', 1, '2017-07-14 19:30:00', 0, 'Contact : Jonathan KETTERER - jonat.regie@gmail.com - 06 87 02 19 33'),
(19, 'PHOENIX', 28, 0, NULL, '[run cree] 2h apres show pour ramener Pieere Alexandre MARIE a l''hotel de l''arrivée (vers 2h du matin)', 'arrive en tourbus vers 16/17h\r\nprevoir un rendez vous pour escorte ', 0, '2017-07-14 22:35:00', 0, 'Pas de commentaire'),
(20, 'DIE ANTWOORD', 23, 0, NULL, '[run cree] deposer Pascal KOKO a l''hotel IBIS apres le show/demontage a 4h', 'Les 2 tourbus de Die ANTWOORD devraient arrivés vers 17 H 00 je pense, ils viennent d’Aix-les-bains.\r\n\r\n[run cree] De notre coté, avec Bertrand de MIALA, nous arriverons à 17 H 30 à la gare de Guingamp - en provenance de Paris. Peux-tu nous preparer un run pour nous amener direst sur le festival ? \r\n[run cree] pascal rentrei la nuit après le concert sur son hôtel Ibis à Guingamp\r\n[run cree] Van bagage a l''hotel pour 22h00 (le groupe a loué des van, mais pas assez de place pour les bagages)\r\nGRAND HOTEL DES BAINS - 15 rue de l’Eglise - 29 241 LOCQUIREC	Tel: 02 98 67 41 02', 1, '2017-07-14 01:45:00', 0, 'email envoyé a KOKO le 12/07 a midi\r\nreponse ok'),
(21, 'THE CELTIC SOCIAL CLUB', 16, 0, NULL, '[run créé Babeth] 3 personnes à déposer à Lorient gare - Train à 19:17 - Les prendre à 18:00 à Kerouac\r\n[run créé Babeth] 2 personnes à déposer à l''hôtel (Ibis Lorient Caudan) - départ de Gwernig à 02:30', '[Babeth] Autonome', 1, '2017-07-14 15:30:00', 0, 'Valérie Siemasko-Pellerin - contact.celticsocialclub@gmail.com - 06 29 05 83 67'),
(22, 'FAADA FREDDY', 12, 147, NULL, '[run créé Babeth] Transfert de 12 personnes du site à hôtel Brit Armor - Run à caler pour 23:00 Jean-Marc 06 26 87 27 18', '[run créé Babeth] Arrivée de 10/11 personnes à gare de Guingamp à 12h31 + 1 pers à 12:41. Il est possible que certains décident de rester à l''hôtel (Brit Armor) mais on ne sait pas combien donc prévoir assez de place pour transfert de 12 personnes sur site. Si certains restent, nous dire combien pour prévoir un run qui les prendra à 16:00 à l''hôtel\r\n[run cree] FAADA FREDDY arrive a 14H34 le prendre et le ramené sur site\r\n\r\nDes runs au Noz Vad seront à faire pour Faada qui joue avec Kery James le lendemain\r\n', 1, '2017-07-14 18:05:00', 1, 'Contact : Jean-Marc Poignot - poignot@me.com - 06 26 87 27 18'),
(23, 'MHD', 17, 0, NULL, 'autonome', 'autonome\r\nday room au noz vad', 1, '2017-07-14 21:10:00', 0, 'Pas de commentaire'),
(24, 'KUNGS', 18, 0, NULL, '[run cree] Retour à l’hotel (Noz Vad) à 00h00 le 14 après le meet and greet de kungs. (Emilie de chez Live Nation)\r\n[run cree] Pick up à l''hôtel et dépose en de Guingamp (départ du train à 10h le 15 juillet). (Emilie de chez Live Nation)', 'Arrivée prévue entre 8h et 10h	(1 tourbus)\r\n[run cree] prendre le trompettiste du groupe (Valentin Pellet) a la gare de guingamp a 19h30 pour l''amener sur site', 1, '2017-07-14 00:10:00', 0, 'Pas de commentaire'),
(25, 'SONGE', 9, 0, NULL, '[Babeth] Samedi 15/07 :    transfert d''une personne de l''Hôtel Noz Vad à la gare de Guingamp - départ à 05:20 pour train à 06:22 (TGV 8602) - Clemence Bizien 06 32 68 19 87\r\n[Babeth] Samedi 15/07 :    transfert de 2 personnes de l''Hôtel Noz Vad à la gare de Guingamp - départ à 12:20 pour train à 13:24 (TGV 8622) - Contact : Olivier 06 61 70 77 14', '[Babeth] Jeudi 13/07 à 23:30 : transfert de 4 personnes de Gare de Guingamp au site (TGV 8655) - Contact : Olivier 06 61 70 77 14\r\n', 1, '2017-07-14 16:45:00', 0, 'Contact : Olivier Le Fur - olefur@gmail.com - 06 61 70 77 14'),
(26, 'BACHAR MAR KHALIFE', 14, 0, NULL, 'normalement autonome', 'normalement autonome\r\nday room au noz vad pour le chauffeur', 1, '2017-07-14 18:10:00', 0, 'mail envoyé le 12/07 vers 16h \r\nok repondu'),
(27, 'GEORGIO', 17, 144, NULL, '[run créé Babeth] 15/07 : Transfert de 2 personnes du Noz Vad à la gare de Quimper pour départ train à 12:35 ( SAM & JB 06 03 20 57 32)\r\n[Babeth] 14/07 : prévoir transfert de 3 personnes site -> Noz Vad - Ils doivent passer nous voir pour nous indiquer les horaires', '[Babeth] 14/07 : prévoir transfert de personnes au Noz Vad en dayroom', 1, '2017-07-14 20:00:00', 1, 'Pas de commentaire'),
(28, 'SUPER PARQUET', 10, 0, NULL, 'normalement autonome', 'normalement autonome', 1, '2017-07-14 21:50:00', 1, 'mail envoyé le 12/07 vers 16h30'),
(29, 'VINTAGE TROUBLE', 11, 0, NULL, '[run cree] deposer choukri a l''hotel ibis a 1h30/1h45', 'autonome', 1, '2017-07-14 23:45:00', 0, 'mail envoyé le 12/07 vers 17h00\r\nrepondu'),
(30, 'VITALIC ODC LIVE', 15, 0, NULL, 'normalement autonome', '[run cree] au moins 1 chauffeur à emmener à notre hotel à Carhaix / le noz Vad vers 13h15/30 Cyril Vanes au 06.98.19.48.81\r\n\r\n[run cree] Arrivée a Carhaix 20h41 en provenance de Guingamp  de Gilles MIOT (second chauffeur) \r\ntrain n° 55369\r\nà emmener à l''hôtel\r\n\r\n[run cree] On récupére les 2 chauffeurs vers 1h45 (ils doivent être près de leurs camions vers 2h30max)', 1, '2017-07-14 01:40:00', 0, 'mail envoyé le 12/07 a 17h\r\nrepondu'),
(31, 'ERIK MARCHAND & BOJAN Z', 3, 0, NULL, '[run cree]  Bojan a un train a 20h22 a la gare de Guingamp. on le prend dans les loges 19h00 (19h15 au plus tard)\r\n[run cree]  A 22h30 on prend Erik dans les loges et on le depose a Poullaouen.', 'Vendredi 14\r\n - Une voiture arrive en fin de matinée sur le site\r\n[run cree] Bojan arrive a la gare de Guingamp a 10h30. un chauffeur l''attend et retourne sur le site.\r\n[run cree]  On va chercher Erik Marchand a Poullaouen pour 12h00 et on va sur le site.\r\n\r\n', 1, '2017-07-14 15:10:00', 0, 'Pas de commentaire'),
(32, 'LA MACHINE', 6, 0, NULL, 'autonome', 'autonome aved 2 vehicules\r\nPeut etre un run pour la gare de Gungamp', 0, '2017-07-14 18:00:00', 1, 'Pas de commentaire'),
(33, 'KREIZ BREIZH AKADEMI #6', 20, 0, NULL, 'autonome', 'autonome', 1, '2017-07-14 20:50:00', 0, 'Pas de commentaire'),
(34, 'PIXVAE', 9, 0, NULL, '', 'autonome\r\narrive avec 1 van vers 18h', 1, '2017-07-14 23:15:00', 0, 'mail envoyé le 12/07 vers 17H45'),
(35, 'CAMILLE', 17, 0, NULL, '', 'autonome\r\nday room a prevoir', 1, '2017-07-15 16:15:00', 0, 'mail envoyé le 13/07 a 9h\r\nrepondu'),
(36, 'ROYAL BLOOD', 30, 0, NULL, 'autonome', 'autonome', 1, '2017-07-15 19:20:00', 0, 'les runs de KTA sont sur le groupe Arcade fire'),
(37, 'ARCADE FIRE', 65, 0, NULL, '', '\r\nAucune demande runs ARCADE FIRE / ROYAL BLOOD à ce jour , et je pense qu’il n’y en aura pas', 1, '2017-07-15 22:15:00', 0, 'Pas de commentaire'),
(38, 'JEAN-MICHEL JARRE', 1, 0, NULL, 'autonome', 'autonome', 1, '2017-07-15 01:30:00', 0, 'mail envoyé le 13/7 a 9h30\r\nrepondu'),
(39, 'VIANNEY', 15, 0, NULL, 'autonome', 'autonome', 1, '2017-07-15 15:00:00', 0, 'mail envoyé le 13/7 a 9h35\r\nrepondu'),
(40, 'NAIVE NEW BEATERS', 14, NULL, NULL, NULL, NULL, 0, '2017-07-15 17:45:00', NULL, NULL),
(41, 'KERY JAMES', 17, 0, NULL, '[run cree] Transfert site-hôtel pour Kery+4 personnes à 22h45	\r\nTAXI : Ibis Guingamp	Transfert hôtel gare pour départ train à 13h00\r\n', 'Autonome\r\n[run cree] racompagner les 13 techniciens a leur hotel (en 2 voyages) le soir apres des concerts - horaire a preciser.\r\n[run cree] Prendre Benjamin Rittner (+33 (0)1 53 36 85 03) a la gare de guingamp  au train a 13h45 le samedi 15 et venir sur le site.\r\n\r\n[run cree] Aller chercher l''équipe technique à hôtel de l''Arrivée à 12h15 ( 13 pers.)\r\n[run cree] Arrivée de Kery James + 4 personnes à gare de Guingamp à 17h35\r\n', 1, '2017-07-15 20:40:00', 1, 'mail de recap envoyé'),
(42, 'M.I.A.', 22, 0, NULL, '', '\r\nLe premier pick up de 7 personnes avec bagages à 11h35 est le crew (un van + traffic pour les bagages).\r\nLe second pick up est en fait à 17h50 à l''aéroport de Brest et il s''agit du management + artiste et accompagnants (8 personnes / un van + une 508 et un traffic bagages).\r\n\r\n[run cree]\r\nJuly 15th          11:35 Brest Airport\r\nArriving off AF1135 from Paris CDG\r\n7 x passengers – airport to SITE\r\n1 x 8 passenger van, 1 x luggage van (6 flightcases and 7 suitcases)\r\ntel: +447855662096 Pat Briscoe\r\n \r\n[run cree]\r\nJuly 15th          17:50 Brest Airport\r\nArriving off AF1135 from Paris CDG\r\n8 x passengers – airport to SITE\r\n1 x 8 passenger van, 1 x luggage van ,1 x S class mercedes\r\ntel: +44 7850 228820 Mark Dempsey', 1, '2017-07-15 23:55:00', 1, 'Pas de commentaire'),
(43, 'COLORADO', 4, 0, NULL, 'autonome', 'autonome', 1, '2017-07-15 17:15:00', 0, 'mail envoyé le 13/07 a 10H30\r\nrepondu'),
(44, 'ROBERT LE MAGNIFIQUE', 10, 0, NULL, 'autonome', 'autonome', 1, '2017-07-15 18:40:00', 1, 'mail envoyé le 13/07 a 10H30'),
(45, 'CLEMENT BAZIN', 7, 0, NULL, 'autonome\r\n[run cree] retour du site a l’hôtel de l''arrivée (Benoit Joubert 06 84 43 57 61) - horaire a preciser', 'autonome\r\n[run cree] Arrivée en gare de Carhaix le samedi 15 juillet à 15h44 de Benoit Joubert (06 84 43 57 61) a amener sur le site', 1, '2017-07-15 20:30:00', 1, 'mail envoyé le 13/07 a 10H30\r\nok repondu'),
(46, 'MOME', 14, 0, NULL, 'autonome', 'autonome', 1, '2017-07-15 22:15:00', 1, 'mail envoye le 13/07 a 11h'),
(47, 'FRENCH 79', 4, 0, NULL, 'autonome', 'autonome avec aller/retour au noz vad', 1, '2017-07-15 00:10:00', 0, 'mail envoyé le 13/07 a 11H\r\nrepondu'),
(48, 'COMAH LIVE', 2, 0, NULL, '[run cree] retour de 2 peronnes a l''oceania brest centre apres le show (Charly+maxime) vers 4h\r\n[run cree] retour de 3 peronnes directement a l’aéroport pour un vol a 6h15 (Morgan drew + eclairagiste + manager) vers 4h\r\nTAXI : 16 Juillet: Oceania centre => aeroport : Départ à 14h50 de Brest // Vol F7 437', '[run cree]15 Juillet: Arrivée à Brest à 17h50 // Vol AF 7738 - attention ils ont de la promo calée dès 19h30 // je les attendrai ou le bénévole si je ne peux pas directement à l’espace presse pour leur remettre leurs pass etc\r\n\r\nle manager doit arriver, mais pas d''info sur le run encore\r\nHébergement: Charly x2 + Maxime hébergés à l’hôtel Océania - 82 rue Siam - Brest', 1, '2017-07-15 01:55:00', 1, 'Pas de commentaire'),
(49, 'SYLVAIN BAROU', 7, 0, NULL, '[run cree] ramener Keyvan Chemirani a sont hotel (Oceania aeroport) : horaire a confirmer\r\nprevoir taxi pour hotel aeroport le dimanche', '', 1, '2017-07-15 15:00:00', 1, 'Pas de commentaire'),
(50, 'GAYE SU AKYOL', 5, 152, NULL, '[run cree] retour de 5 pers. à hôtel Mercure Saint Brieuc\r\nTaxi : le 16/07 de hôtel saint Brieuc -> gare rennes pour train a 9H50\r\n', 'Taxi : 14/7 Arrivée de 5 personnes à gare TGV de Brest le 14 Juillet : Transfert à leur hôtel => taxi\r\n[run cree] Pick up de 5 pers. à hôtel oceania brest center a 12h30 pour transfert sur site', 1, '2017-07-15 18:15:00', 1, 'Pas de commentaire'),
(51, 'SAN SALVADOR', 8, NULL, NULL, NULL, NULL, 0, '2017-07-15 20:30:00', NULL, NULL),
(52, 'LE NORMAND / PINC', 2, 0, NULL, '', '', 1, '2017-07-15 22:10:00', 1, 'Pas de commentaire'),
(53, 'FLEUVES', 4, 0, NULL, '', '', 1, '2017-07-15 22:10:00', 1, 'Pas de commentaire'),
(54, 'PERON / QUENET', 2, 0, NULL, '', '', 1, '2017-07-15 22:10:00', 1, 'Pas de commentaire'),
(55, 'AMPOUAILH', 6, 0, NULL, '', '', 1, '2017-07-15 22:10:00', 1, 'Pas de commentaire'),
(56, 'SEASICK STEVE', 9, 0, NULL, 'autonome', 'autonome', 1, '2017-07-16 15:10:00', 1, 'Pas de commentaire'),
(57, 'MATMATAH', 20, 0, NULL, '- demain soir (dimanche) : CARHAIX > BREST\r\n    - 2 ou 3 personnes : 2h -  rdv bungalow runner (c/o : 06 14 90 38 46)\r\nNb : 2 valises "moyennes"', '[run cree] Pick up de 8 personnes à 10h45 le 16/07 à l''hôtel le Vauban - Brest\r\n\r\n- demaIn matin (dimanche) :  BREST > CARHAIX\r\n    - 1 personne : 10h40 - rdv : 2 rue Michelet Brest (c/o : 06 13 55 26 98)\r\n    - 4 personnes : 10h45 - rdv Hotel Vauban, 17 Bd Clemenceau \r\nNb : 5 valises "copieuses"\r\n\r\n- demaIn soir (dimanche) : CARHAIX > BREST\r\n    - 2 ou 3 personnes : 2h -  rdv bungalow runner (c/o : 06 14 90 38 46)\r\nNb : 2 valises "moyennes"', 1, '2017-07-16 17:50:00', 1, 'mail envoyé le 15/07 a 2h20\r\nrepondu'),
(58, 'MACKLEMORE & RYAN LEWIS', 41, 0, NULL, 'autonome', 'Avion privé arrive a 10h15 en provenance de Nice\r\nle van (7 places) prend 4 personnes et le BUS prend 21 personnes\r\n', 1, '2017-07-16 20:30:00', 0, 'Pas de commentaire'),
(59, 'DJ SNAKE', 7, 0, NULL, '[run cree] prendre MATHILDE VANHASSEL au Noz Vad le lundi a 7h50 pour l''amener a la gare de Guingamp pour un train a 9h', '[run cree] MATHILDE VANHASSEL arrive à la gare de Carhaix dimanche 16 juillet à 20h41\r\nl''amener sur site\r\n\r\nNoz vad a prevoir le soir \r\n\r\nvoir recap de Julie', 1, '2017-07-16 23:45:00', 1, 'Pas de commentaire'),
(60, 'LA FEMME', 1, NULL, NULL, NULL, NULL, 0, '2017-07-16 14:00:00', NULL, NULL),
(61, 'FFF', 14, 0, NULL, 'Autonome, repartent tous dans le tourbus', 'En début de matinée vers 8/9h en Tourbus\r\nAutonome\r\nDonc suite à la grève Air France et à l''annulation, de mes vols voici le billet de train qui arrive à 14h39 à Quimper. (Freddy Martineau - sondier) \r\n\r\n\r\n', 1, '2017-07-16 16:30:00', 1, 'Pas de commentaire'),
(62, 'PAOLO CONTE', 18, 150, NULL, '', '[run cree] raccompagner le chauffeur du camion a l''hotel depuis le site.\r\n\r\nCa c''est pour samedi.\r\n\r\nPour dimanche (crew & band)  \r\n\r\n[run cree] pickup 8h00 hotel avec 1 van 9 places pour les crew (6) + toi = 7 ( vous n''aurez pas de bagage, juste "des sacs a dos")\r\n[run cree] pickup 9h45 hotel avec 2 van 9 places pour le band (10)\r\n[run cree] retour entre 12 et 13h, il y aura 3 vans pour 6 +10 personnes. des qu''un van est plein il rentre. Si il se melange.\r\n\r\n[run cree] pickup 16h30 hotel avec 1 van 9 places pour les crews (6 personnes)\r\n[run cree] pickup 17h00 hotel avec 2 van 9 places pour les crews (10 personnes)\r\n\r\n[run cree] after show retour a 21h30 pour le band avec 2 vans (10 personnes)\r\n[run cree] after show retour a 22h30 pour le crew avec 1 vans (6 personnes)\r\n\r\n\r\nPaolo Conte:\r\nIl aura le van noir qui viendra du festival pour les 4 personnes. (même van que les 9 places mais uniquement 7 en position réunion)\r\n[run cree] Pickup a hotel à 15h30 direction le site du festival\r\n[run cree] Retour a l''aéroport a 21h15 (max) pour le vol de 22h30. Je serai en contact avec l''aeroport pour qu''ils attendent pour un embarquement express.\r\n\r\nCa fait donc 12 aller/retour pour le band + crew et 2 pour Paolo Conte', 1, '2017-07-16 19:10:00', 1, 'Pas de commentaire'),
(63, 'MIDNIGHT OIL', 24, 0, NULL, '[run cree] Recuperer 10 personnes a la scene glenmore pour un transfert a l''hotel oceania Quimper avec 2 Vans des vieilles charrues.\r\nfin du concert 23h30 - horaire a preciser', '[run cree] Recuperer 10 personnes a 17h30 a l''oceania Quimper pour un transfert sur le site avec 2 Vans des vieilles charrues\r\n', 1, '2017-07-16 22:10:00', 0, 'Pas de commentaire'),
(64, 'OCTAVE NOIRE', 7, 0, NULL, '', '', 1, '2017-07-16 15:30:00', 0, 'Pas de commentaire'),
(65, 'KILLASON', 6, 0, NULL, '[run cree] 4 personnes a ramener a l''hotel ibis a 23h00/00:00\r\nTaxi hotel GAre : rdv a 12h45 pour train a 13h24 (valises loourdes)', '[run cree] 2 personnes arrivent a Gare de Guingamp a 13h45. les amener sur site\r\nBus CFTA pour les danseurs rdv 9H30 a la gare de quimper', 0, '2017-07-16 17:00:00', 0, 'Pas de commentaire'),
(66, 'RADIO ELVIS', 8, 0, NULL, 'Autonomes', 'Arrivée de Colin RUSSEIL (batteur - 0613591461) à 15:14 à gare de Quimper - Transfert direct sur Grall', 1, '2017-07-16 18:40:00', 0, 'Pas de commentaire'),
(67, 'PONI HOAX', 8, 0, NULL, '[run crée] Apres le show vers minuit on raccompagne les 8 personnes a l’hôtel. preciser l''horaire sur place', '[run crée] Audrey  Chouikh arrive avec 3 personnes (4 en tout) à la gare de Guingamp le Vendredi 14 juillet à 15H45. on vous récupère direction le site du festival.\r\n[run crée]  8 personnes arrivent a 12h421 le dimanche 16 à la gare de Guingamp et ils vont a l''hotel qui est juste en face de la gare. on récupère les 8 personnes à 14h45 à l’hôtel de l''arrivée direction le site du festival.\r\n', 1, '2017-07-16 20:20:00', 1, 'Pas de commentaire'),
(68, 'WAX TAILOR', 18, 0, NULL, '', '', 1, '2017-07-16 22:00:00', 0, 'Pas de commentaire'),
(69, 'ACID ARAB LIVE', 7, 0, NULL, '', '', 1, '2017-07-16 23:55:00', 0, 'Pas de commentaire'),
(70, 'MOGER ORCHESTRA', 25, 0, NULL, '', '', 1, '2017-07-16 14:30:00', 0, 'Pas de commentaire'),
(71, 'LES FRERES BERTHIAUME', 4, 0, NULL, '', '', 1, '2017-07-16 16:45:00', 0, 'Pas de commentaire'),
(72, 'SPEED CARAVAN', 7, 0, NULL, 'TAXI : Le 17/07 : 6 personnes / Train 8610 Guingamp 10h18 - Paris 13h04\r\nTAXI : Le 17 /07 : 1 personne / Mehdi / Guingamp 11h42 - Rennes 12h50 ', '[run cree] Le 16/07 : 7 personnes + bagages et 3 guitares + clavier  / Train 8615 Paris Mont 11h56 - Guingamp 14h34\r\n[run cree] retour des 7 a l''hotel ibis apres mangé ... 22h a confirmer', 1, '2017-07-16 19:00:00', 1, 'Pas de commentaire'),
(73, 'KHAROUB', 10, 0, NULL, '', '', 1, '2017-07-16 21:15:00', 0, 'Pas de commentaire'),
(74, 'DENGUE DENGUE DENGUE', 3, 0, NULL, '[run cree] ramener 3 personnes apres show (vers 1h30/2h00) au Brit Hotel', '[run cree] prendre 3 personnes au Brit Hotel et les ramener sur site\r\ncontact : lucile = 06 25 91 01 45', 1, '2017-07-16 23:45:00', 0, 'Pas de commentaire'),
(75, 'AUTRE', 1, 0, NULL, 'Transfert de Emilie Mazoyer, Roman Dordor, Estelle Rivet et Clemence Leporcq à gare de Guingamp pour départ train à 19h26\r\nEmilie Mazoyer et Roman Dordor => Noz Vad\r\nEstelle Rivet et Clemence Leporcq chez l''habitant (adresse a confirmer)', 'Arrivée de Estelle Rivet le 13/07 à gare de Guingamp à 10h30 (EUROPE1)\r\narrivée de Vanessa Salinie  vendredi 14 juillet à la gare de Guingamp à 17h30 (bars en Trans)\r\nArrivée de Juliien vendredi 14 ( régisseur pour Live Nation ) à gare de Guingamp à 21h34.', 1, '2017-07-12 09:39:00', 1, 'Pas de commentaire');

-- --------------------------------------------------------

--
-- Structure de la table `car`
--

CREATE TABLE IF NOT EXISTS `car` (
  `id` int(11) NOT NULL AUTO_INCREMENT,
  `type` varchar(45) COLLATE latin1_general_ci DEFAULT NULL,
  `immat` varchar(45) COLLATE latin1_general_ci NOT NULL,
  `manufacturer` varchar(45) COLLATE latin1_general_ci NOT NULL,
  `model` varchar(45) COLLATE latin1_general_ci NOT NULL,
  `capacity` int(11) NOT NULL,
  `color` varchar(45) COLLATE latin1_general_ci NOT NULL,
  `conso_essence` double NOT NULL,
  `CO2` double NOT NULL,
  `comments` varchar(2000) CHARACTER SET latin1 DEFAULT NULL,
  PRIMARY KEY (`id`)
) ENGINE=InnoDB  DEFAULT CHARSET=latin1 COLLATE=latin1_general_ci AUTO_INCREMENT=22 ;

--
-- Contenu de la table `car`
--

INSERT INTO `car` (`id`, `type`, `immat`, `manufacturer`, `model`, `capacity`, `color`, `conso_essence`, `CO2`, `comments`) VALUES
(1, 'Van', 'EL-407-CX', 'Peugeot', '07 - Traveller 9', 9, 'Inconnue', 0, 0, 'Pas de commentaire'),
(2, 'Van', 'EL-954-AV', 'Peugeot', '02 - Traveller 9', 7, 'Inconnue', 0, 0, 'Pas de commentaire'),
(3, 'Van', 'EL-952-AV', 'Peugeot', '04 - Traveller 9', 9, 'Inconnue', 0, 0, 'Pas de commentaire'),
(4, 'Van', 'EL-983-AV', 'Peugeot', '09 - Traveller 9', 9, 'Inconnue', 0, 0, 'Pas de commentaire'),
(5, 'Van', 'EM-140-KQ', 'Peugeot', '06 - Traveller 7', 7, 'Inconnue', 0, 0, 'Pas de commentaire'),
(6, 'Van', 'EL-870-XQ', 'Peugeot', '10 - Traveller 7', 7, 'Inconnue', 0, 0, 'Pas de commentaire'),
(7, 'Berline', 'EB-638-QZ', 'Peugeot', '16 - 308 SW', 4, '?', 0, 0, 'Pas de commentaire'),
(8, 'Berline', 'EC-021-NX', 'Peugeot', '12 - 508 SW auto', 4, '?', 0, 0, 'Pas de commentaire'),
(9, 'Van', 'EN-798-AL', 'Peugeot', '08 - Traveller 7', 7, 'Inconnue', 0, 0, 'Pas de commentaire'),
(10, 'Van', 'EL-441-CX', 'Peugeot', '01 - Traveller 9', 9, 'Inconnue', 0, 0, 'Pas de commentaire'),
(11, 'Berline', 'DN-323-EQ', 'Peugeot', '13 - 508 Allure', 4, 'Bleu', 0, 0, 'Pas de commentaire'),
(12, 'Monospace', 'EC-051-MZ', 'Peugeot', '15 - 5008', 7, 'Inconnue', 0, 0, 'Pas de commentaire'),
(13, 'Berline', 'EF-946-WV', 'Peugeot', '11 - 508 GT SW Auto', 4, 'Inconnue', 0, 0, 'Pas de commentaire'),
(14, 'Berline', 'EE-975-HJ', 'Peugeot', '18 - 2008', 4, 'Inconnue', 0, 0, 'Pas de commentaire'),
(15, 'Monospace', 'EC-070-MZ', 'Peugeot', '14 - 5008', 7, 'Inconnue', 0, 0, 'Pas de commentaire'),
(17, 'Berline', 'DY-573-AW', 'Peugeot', '17 - 2008', 4, 'Inconnue', 0, 0, 'Pas de commentaire'),
(19, 'Utilitaire', 'DE-243-WX', 'Peugeot', '19 - Boxer', 2, 'Inconnue', 0, 0, 'Pas de commentaire'),
(20, 'Van', 'EL-429-CX', 'Peugeot', '05 - Traveller 9', 9, 'Inconnue', 0, 0, 'Pas de commentaire'),
(21, 'Van', 'EL-291-GX', 'Peugeot', '03 - Traveller 9', 9, 'Inconnue', 0, 0, 'Pas de commentaire');

-- --------------------------------------------------------

--
-- Structure de la table `company`
--

CREATE TABLE IF NOT EXISTS `company` (
  `id` int(11) NOT NULL AUTO_INCREMENT,
  `id_company_type` int(11) DEFAULT NULL,
  `name` varchar(45) COLLATE latin1_general_ci DEFAULT NULL,
  `address` varchar(45) COLLATE latin1_general_ci DEFAULT NULL,
  `town` varchar(45) COLLATE latin1_general_ci DEFAULT NULL,
  `country` varchar(45) COLLATE latin1_general_ci DEFAULT NULL,
  `zip` int(11) DEFAULT NULL,
  `phone` int(11) DEFAULT NULL,
  `fax` int(11) DEFAULT NULL,
  `web` varchar(45) COLLATE latin1_general_ci DEFAULT NULL,
  `email` varchar(45) COLLATE latin1_general_ci DEFAULT NULL,
  `comments` varchar(200) COLLATE latin1_general_ci DEFAULT NULL,
  PRIMARY KEY (`id`),
  KEY `fk_Company_Company_type1_idx` (`id_company_type`)
) ENGINE=InnoDB  DEFAULT CHARSET=latin1 COLLATE=latin1_general_ci AUTO_INCREMENT=6 ;

--
-- Contenu de la table `company`
--

INSERT INTO `company` (`id`, `id_company_type`, `name`, `address`, `town`, `country`, `zip`, `phone`, `fax`, `web`, `email`, `comments`) VALUES
(3, 2, 'Transports Artistes', 'Kerampuilh', 'Carhaix', 'FRANCE', 29270, NULL, NULL, NULL, NULL, NULL),
(4, 0, 'CFTA', NULL, NULL, NULL, NULL, NULL, NULL, NULL, NULL, NULL),
(5, 1, 'Taxi pre-paid', NULL, NULL, NULL, NULL, NULL, NULL, NULL, NULL, NULL);

-- --------------------------------------------------------

--
-- Structure de la table `company_type`
--

CREATE TABLE IF NOT EXISTS `company_type` (
  `id` int(11) NOT NULL,
  `type` varchar(45) COLLATE latin1_general_ci DEFAULT NULL,
  `comments` varchar(200) COLLATE latin1_general_ci DEFAULT NULL,
  PRIMARY KEY (`id`)
) ENGINE=InnoDB DEFAULT CHARSET=latin1 COLLATE=latin1_general_ci;

--
-- Contenu de la table `company_type`
--

INSERT INTO `company_type` (`id`, `type`, `comments`) VALUES
(0, 'Bus', 'busbus'),
(1, 'Taxi prepaid', ''),
(2, 'Vieilles Charrues', ''),
(3, 'Taxi not paid', '');

-- --------------------------------------------------------

--
-- Structure de la table `date`
--

CREATE TABLE IF NOT EXISTS `date` (
  `id` int(11) NOT NULL AUTO_INCREMENT,
  `libelle` date DEFAULT NULL,
  `shows` int(11) DEFAULT '1',
  PRIMARY KEY (`id`)
) ENGINE=InnoDB  DEFAULT CHARSET=latin1 COLLATE=latin1_general_ci AUTO_INCREMENT=7 ;

--
-- Contenu de la table `date`
--

INSERT INTO `date` (`id`, `libelle`, `shows`) VALUES
(1, '2017-07-12', 0),
(2, '2017-07-13', 1),
(3, '2017-07-14', 1),
(4, '2017-07-15', 1),
(5, '2017-07-16', 1),
(6, '2017-07-17', 0);

-- --------------------------------------------------------

--
-- Structure de la table `distance`
--

CREATE TABLE IF NOT EXISTS `distance` (
  `id` int(11) NOT NULL AUTO_INCREMENT,
  `location1` int(11) NOT NULL,
  `location2` int(11) NOT NULL,
  `distance` int(4) NOT NULL,
  `time` time NOT NULL,
  PRIMARY KEY (`id`)
) ENGINE=InnoDB  DEFAULT CHARSET=latin1 COLLATE=latin1_general_ci AUTO_INCREMENT=297 ;

--
-- Contenu de la table `distance`
--

INSERT INTO `distance` (`id`, `location1`, `location2`, `distance`, `time`) VALUES
(1, 1, 132, 87, '01:05:00'),
(2, 1, 135, 76, '01:10:00'),
(3, 1, 137, 50, '00:50:00'),
(4, 1, 138, 83, '01:15:00'),
(5, 1, 139, 88, '01:05:00'),
(6, 1, 140, 69, '01:00:00'),
(7, 1, 141, 73, '00:55:00'),
(8, 1, 142, 53, '00:50:00'),
(9, 1, 144, 2, '00:10:00'),
(10, 1, 146, 50, '00:50:00'),
(11, 1, 147, 50, '00:50:00'),
(12, 1, 148, 91, '01:00:00'),
(13, 1, 149, 90, '01:00:00'),
(14, 1, 150, 86, '01:10:00'),
(15, 1, 151, 89, '01:00:00'),
(16, 1, 152, 89, '01:00:00'),
(17, 1, 153, 65, '00:55:00'),
(18, 1, 154, 86, '01:00:00'),
(19, 1, 155, 49, '00:45:00'),
(20, 1, 157, 82, '00:55:00'),
(21, 1, 158, 69, '01:00:00'),
(22, 1, 159, 75, '01:00:00'),
(23, 1, 160, 20, '00:25:00'),
(24, 1, 161, 90, '01:10:00'),
(25, 1, 168, 1, '00:05:00'),
(26, 1, 169, 1, '00:05:00'),
(27, 1, 170, 1, '00:05:00'),
(28, 1, 176, 3, '00:10:00'),
(29, 1, 178, 1, '00:05:00'),
(30, 1, 182, 2, '00:10:00'),
(31, 1, 183, 82, '01:10:00'),
(32, 1, 185, 70, '01:00:00'),
(33, 1, 190, 3, '00:10:00'),
(34, 1, 192, 20, '00:25:00'),
(35, 1, 193, 74, '01:05:00'),
(36, 1, 195, 53, '00:50:00'),
(37, 1, 199, 2, '00:10:00'),
(38, 1, 202, 71, '00:55:00'),
(39, 1, 203, 70, '00:55:00'),
(40, 1, 206, 80, '01:10:00'),
(41, 1, 207, 50, '00:50:00'),
(42, 1, 212, 88, '01:15:00'),
(43, 1, 213, 88, '01:05:00'),
(44, 1, 216, 73, '01:00:00'),
(45, 1, 217, 57, '00:50:00'),
(46, 1, 260, 72, '01:00:00'),
(47, 1, 262, 83, '01:10:00'),
(48, 1, 263, 99, '01:30:00'),
(49, 1, 264, 85, '01:10:00'),
(50, 1, 265, 43, '00:35:00'),
(51, 2, 132, 87, '01:05:00'),
(52, 2, 135, 76, '01:10:00'),
(53, 2, 137, 50, '00:50:00'),
(54, 2, 138, 83, '01:15:00'),
(55, 2, 139, 88, '01:05:00'),
(56, 2, 140, 69, '01:00:00'),
(57, 2, 141, 73, '00:55:00'),
(58, 2, 142, 53, '00:50:00'),
(59, 2, 144, 2, '00:10:00'),
(60, 2, 146, 50, '00:50:00'),
(61, 2, 147, 50, '00:50:00'),
(62, 2, 148, 91, '01:00:00'),
(63, 2, 149, 90, '01:00:00'),
(64, 2, 150, 86, '01:10:00'),
(65, 2, 151, 89, '01:00:00'),
(66, 2, 152, 89, '01:00:00'),
(67, 2, 153, 65, '00:55:00'),
(68, 2, 154, 86, '01:00:00'),
(69, 2, 155, 49, '00:45:00'),
(70, 2, 157, 82, '00:55:00'),
(71, 2, 158, 69, '01:00:00'),
(72, 2, 159, 75, '01:00:00'),
(73, 2, 160, 20, '00:25:00'),
(74, 2, 161, 90, '01:10:00'),
(75, 2, 168, 1, '00:05:00'),
(76, 2, 169, 1, '00:05:00'),
(77, 2, 170, 1, '00:05:00'),
(78, 2, 176, 3, '00:10:00'),
(79, 2, 178, 1, '00:05:00'),
(80, 2, 182, 2, '00:10:00'),
(81, 2, 183, 82, '01:10:00'),
(82, 2, 185, 70, '01:00:00'),
(83, 2, 190, 3, '00:10:00'),
(84, 2, 192, 20, '00:25:00'),
(85, 2, 193, 74, '01:05:00'),
(86, 2, 195, 53, '00:50:00'),
(87, 2, 199, 2, '00:10:00'),
(88, 2, 202, 71, '00:55:00'),
(89, 2, 203, 70, '00:55:00'),
(90, 2, 206, 80, '01:10:00'),
(91, 2, 207, 50, '00:50:00'),
(92, 2, 212, 88, '01:15:00'),
(93, 2, 213, 88, '01:05:00'),
(94, 2, 216, 73, '01:00:00'),
(95, 2, 217, 57, '00:50:00'),
(96, 2, 260, 72, '01:00:00'),
(97, 2, 262, 83, '01:10:00'),
(98, 2, 263, 99, '01:30:00'),
(99, 2, 264, 85, '01:10:00'),
(100, 2, 265, 43, '00:35:00'),
(101, 3, 132, 87, '01:05:00'),
(102, 3, 135, 76, '01:10:00'),
(103, 3, 137, 50, '00:50:00'),
(104, 3, 138, 83, '01:15:00'),
(105, 3, 139, 88, '01:05:00'),
(106, 3, 140, 69, '01:00:00'),
(107, 3, 141, 73, '00:55:00'),
(108, 3, 142, 53, '00:50:00'),
(109, 3, 144, 2, '00:10:00'),
(110, 3, 146, 50, '00:50:00'),
(111, 3, 147, 50, '00:50:00'),
(112, 3, 148, 91, '01:00:00'),
(113, 3, 149, 90, '01:00:00'),
(114, 3, 150, 86, '01:10:00'),
(115, 3, 151, 89, '01:00:00'),
(116, 3, 152, 89, '01:00:00'),
(117, 3, 153, 65, '00:55:00'),
(118, 3, 154, 86, '01:00:00'),
(119, 3, 155, 49, '00:45:00'),
(120, 3, 157, 82, '00:55:00'),
(121, 3, 158, 69, '01:00:00'),
(122, 3, 159, 75, '01:00:00'),
(123, 3, 160, 20, '00:25:00'),
(124, 3, 161, 90, '01:10:00'),
(125, 3, 168, 1, '00:05:00'),
(126, 3, 169, 1, '00:05:00'),
(127, 3, 170, 1, '00:05:00'),
(128, 3, 176, 3, '00:10:00'),
(129, 3, 178, 1, '00:05:00'),
(130, 3, 182, 2, '00:10:00'),
(131, 3, 183, 82, '01:10:00'),
(132, 3, 185, 70, '01:00:00'),
(133, 3, 190, 3, '00:10:00'),
(134, 3, 192, 20, '00:25:00'),
(135, 3, 193, 74, '01:05:00'),
(136, 3, 195, 53, '00:50:00'),
(137, 3, 199, 2, '00:10:00'),
(138, 3, 202, 71, '00:55:00'),
(139, 3, 203, 70, '00:55:00'),
(140, 3, 206, 80, '01:10:00'),
(141, 3, 207, 50, '00:50:00'),
(142, 3, 212, 88, '01:15:00'),
(143, 3, 213, 88, '01:05:00'),
(144, 3, 216, 73, '01:00:00'),
(145, 3, 217, 57, '00:50:00'),
(146, 3, 260, 72, '01:00:00'),
(147, 3, 262, 83, '01:10:00'),
(148, 3, 263, 99, '01:30:00'),
(149, 3, 264, 85, '01:10:00'),
(150, 3, 265, 43, '00:35:00'),
(151, 4, 132, 87, '01:05:00'),
(152, 4, 135, 76, '01:10:00'),
(153, 4, 137, 50, '00:50:00'),
(154, 4, 138, 83, '01:15:00'),
(155, 4, 139, 88, '01:05:00'),
(156, 4, 140, 69, '01:00:00'),
(157, 4, 141, 73, '00:55:00'),
(158, 4, 142, 53, '00:50:00'),
(159, 4, 144, 2, '00:10:00'),
(160, 4, 146, 50, '00:50:00'),
(161, 4, 147, 50, '00:50:00'),
(162, 4, 148, 91, '01:00:00'),
(163, 4, 149, 90, '01:00:00'),
(164, 4, 150, 86, '01:10:00'),
(165, 4, 151, 89, '01:00:00'),
(166, 4, 152, 89, '01:00:00'),
(167, 4, 153, 65, '00:55:00'),
(168, 4, 154, 86, '01:00:00'),
(169, 4, 155, 49, '00:45:00'),
(170, 4, 157, 82, '00:55:00'),
(171, 4, 158, 69, '01:00:00'),
(172, 4, 159, 75, '01:00:00'),
(173, 4, 160, 20, '00:25:00'),
(174, 4, 161, 90, '01:10:00'),
(175, 4, 168, 1, '00:05:00'),
(176, 4, 169, 1, '00:05:00'),
(177, 4, 170, 1, '00:05:00'),
(178, 4, 176, 3, '00:10:00'),
(179, 4, 178, 1, '00:05:00'),
(180, 4, 182, 2, '00:10:00'),
(181, 4, 183, 82, '01:10:00'),
(182, 4, 185, 70, '01:00:00'),
(183, 4, 190, 3, '00:10:00'),
(184, 4, 192, 20, '00:25:00'),
(185, 4, 193, 74, '01:05:00'),
(186, 4, 195, 53, '00:50:00'),
(187, 4, 199, 2, '00:10:00'),
(188, 4, 202, 71, '00:55:00'),
(189, 4, 203, 70, '00:55:00'),
(190, 4, 206, 80, '01:10:00'),
(191, 4, 207, 50, '00:50:00'),
(192, 4, 212, 88, '01:15:00'),
(193, 4, 213, 88, '01:05:00'),
(194, 4, 216, 73, '01:00:00'),
(195, 4, 217, 57, '00:50:00'),
(196, 4, 260, 72, '01:00:00'),
(197, 4, 262, 83, '01:10:00'),
(198, 4, 263, 99, '01:30:00'),
(199, 4, 264, 85, '01:10:00'),
(200, 4, 265, 43, '00:35:00'),
(201, 5, 132, 87, '01:05:00'),
(202, 5, 135, 76, '01:10:00'),
(203, 5, 137, 50, '00:50:00'),
(204, 5, 138, 83, '01:15:00'),
(205, 5, 139, 88, '01:05:00'),
(206, 5, 140, 69, '01:00:00'),
(207, 5, 141, 73, '00:55:00'),
(208, 5, 142, 53, '00:50:00'),
(209, 5, 144, 2, '00:10:00'),
(210, 5, 146, 50, '00:50:00'),
(211, 5, 147, 50, '00:50:00'),
(212, 5, 148, 91, '01:00:00'),
(213, 5, 149, 90, '01:00:00'),
(214, 5, 150, 86, '01:10:00'),
(215, 5, 151, 89, '01:00:00'),
(216, 5, 152, 89, '01:00:00'),
(217, 5, 153, 65, '00:55:00'),
(218, 5, 154, 86, '01:00:00'),
(219, 5, 155, 49, '00:45:00'),
(220, 5, 157, 82, '00:55:00'),
(221, 5, 158, 69, '01:00:00'),
(222, 5, 159, 75, '01:00:00'),
(223, 5, 160, 20, '00:25:00'),
(224, 5, 161, 90, '01:10:00'),
(225, 5, 168, 1, '00:05:00'),
(226, 5, 169, 1, '00:05:00'),
(227, 5, 170, 1, '00:05:00'),
(228, 5, 176, 3, '00:10:00'),
(229, 5, 178, 1, '00:05:00'),
(230, 5, 182, 2, '00:10:00'),
(231, 5, 183, 82, '01:10:00'),
(232, 5, 185, 70, '01:00:00'),
(233, 5, 190, 3, '00:10:00'),
(234, 5, 192, 20, '00:25:00'),
(235, 5, 193, 74, '01:05:00'),
(236, 5, 195, 53, '00:50:00'),
(237, 5, 199, 2, '00:10:00'),
(238, 5, 202, 71, '00:55:00'),
(239, 5, 203, 70, '00:55:00'),
(240, 5, 206, 80, '01:10:00'),
(241, 5, 207, 50, '00:50:00'),
(242, 5, 212, 88, '01:15:00'),
(243, 5, 213, 88, '01:05:00'),
(244, 5, 216, 73, '01:00:00'),
(245, 5, 217, 57, '00:50:00'),
(246, 5, 260, 72, '01:00:00'),
(247, 5, 262, 83, '01:10:00'),
(248, 5, 263, 99, '01:30:00'),
(249, 5, 264, 85, '01:10:00'),
(250, 5, 265, 43, '00:35:00'),
(251, 11, 204, 101, '01:20:00'),
(252, 132, 144, 85, '01:00:00'),
(253, 132, 150, 11, '00:20:00'),
(254, 132, 154, 5, '00:10:00'),
(255, 132, 213, 5, '00:10:00'),
(256, 132, 265, 45, '00:35:00'),
(257, 137, 144, 49, '00:45:00'),
(258, 2, 267, 74, '01:10:00'),
(259, 3, 267, 74, '01:10:00'),
(260, 4, 267, 74, '01:10:00'),
(261, 5, 267, 74, '01:10:00'),
(262, 178, 267, 74, '01:10:00'),
(263, 1, 267, 74, '01:10:00'),
(264, 1, 134, 79, '01:00:00'),
(265, 1, 187, 0, '00:00:00'),
(266, 1, 198, 50, '00:50:00'),
(267, 1, 268, 73, '00:55:00'),
(268, 1, 269, 88, '01:05:00'),
(269, 1, 270, 3, '00:10:00'),
(270, 1, 273, 56, '00:50:00'),
(271, 2, 187, 0, '00:00:00'),
(272, 2, 272, 89, '01:15:00'),
(273, 3, 268, 73, '00:55:00'),
(274, 5, 187, 0, '00:00:00'),
(275, 132, 152, 10, '00:20:00'),
(276, 135, 159, 7, '00:20:00'),
(277, 137, 207, 2, '00:10:00'),
(278, 144, 182, 1, '00:10:00'),
(279, 144, 190, 1, '00:05:00'),
(280, 144, 207, 49, '00:05:00'),
(281, 2, 134, 79, '01:00:00'),
(282, 3, 134, 79, '01:00:00'),
(283, 150, 154, 8, '00:15:00'),
(284, 3, 198, 50, '00:50:00'),
(285, 146, 207, 0, '00:00:00'),
(286, 2, 269, 88, '01:05:00'),
(287, 137, 270, 50, '00:50:00'),
(288, 1, 272, 89, '01:15:00'),
(289, 4, 273, 56, '00:50:00'),
(290, 1, 274, 20, '00:20:00'),
(291, 2, 274, 20, '00:20:00'),
(292, 3, 274, 20, '00:20:00'),
(293, 4, 274, 20, '00:20:00'),
(294, 5, 274, 20, '00:20:00'),
(295, 1, 284, 60, '01:10:00'),
(296, 2, 284, 60, '01:10:00');

-- --------------------------------------------------------

--
-- Structure de la table `drive`
--

CREATE TABLE IF NOT EXISTS `drive` (
  `id` int(11) NOT NULL AUTO_INCREMENT,
  `id_car` int(11) DEFAULT NULL,
  `id_run` int(11) NOT NULL,
  `id_driver` int(11) DEFAULT NULL,
  `start` datetime NOT NULL,
  `end` datetime NOT NULL,
  `status` tinyint(4) DEFAULT '0',
  PRIMARY KEY (`id`),
  KEY `fk_Drive_Car1_idx` (`id_car`),
  KEY `fk_Drive_Run1_idx` (`id_run`),
  KEY `fk_Drive_Driver1_idx` (`id_driver`)
) ENGINE=InnoDB  DEFAULT CHARSET=latin1 COLLATE=latin1_general_ci AUTO_INCREMENT=336 ;

--
-- Contenu de la table `drive`
--

INSERT INTO `drive` (`id`, `id_car`, `id_run`, `id_driver`, `start`, `end`, `status`) VALUES
(2, 13, 2, 14, '2017-07-13 12:45:00', '2017-07-13 15:20:00', 0),
(5, 7, 5, 11, '2017-07-14 02:45:00', '2017-07-14 03:05:00', 0),
(6, 7, 6, 14, '2017-07-15 12:50:00', '2017-07-15 14:45:00', 0),
(7, 14, 7, 30, '2017-07-13 14:45:00', '2017-07-13 17:20:00', 0),
(12, 7, 12, 9, '2017-07-13 16:35:00', '2017-07-13 18:50:00', 0),
(19, 1, 19, 9, '2017-07-14 02:30:00', '2017-07-14 04:15:00', 0),
(20, 15, 20, 25, '2017-07-13 23:30:00', '2017-07-14 04:30:00', 0),
(28, 10, 27, 6, '2017-07-15 16:40:00', '2017-07-15 18:35:00', 0),
(29, 9, 28, 6, '2017-07-13 22:35:00', '2017-07-14 00:30:00', 0),
(31, 11, 30, 7, '2017-07-15 12:05:00', '2017-07-15 14:00:00', 0),
(33, 9, 32, 34, '2017-07-15 05:05:00', '2017-07-15 07:00:00', 0),
(34, 10, 33, 17, '2017-07-15 00:00:00', '2017-07-15 01:50:00', 0),
(35, 2, 34, 11, '2017-07-15 02:30:00', '2017-07-15 04:20:00', 0),
(36, 8, 35, 8, '2017-07-13 14:35:00', '2017-07-13 16:35:00', 0),
(39, 13, 38, 14, '2017-07-14 18:00:00', '2017-07-14 19:00:00', 0),
(41, 15, 40, 8, '2017-07-14 11:40:00', '2017-07-14 13:30:00', 0),
(44, 17, 43, 10, '2017-07-15 08:40:00', '2017-07-15 10:35:00', 0),
(45, 7, 44, 4, '2017-07-13 09:40:00', '2017-07-13 11:25:00', 0),
(47, 5, 46, 6, '2017-07-14 17:45:00', '2017-07-14 20:00:00', 0),
(50, 12, 16, 28, '2017-07-13 07:00:00', '2017-07-13 09:25:00', 0),
(53, 5, 1, 37, '2017-07-13 07:45:00', '2017-07-13 10:00:00', 0),
(54, 10, 1, 13, '2017-07-13 07:45:00', '2017-07-13 10:00:00', 0),
(55, 10, 51, 33, '2017-07-14 10:00:00', '2017-07-14 14:00:00', 0),
(57, 10, 53, 37, '2017-07-13 14:00:00', '2017-07-13 14:20:00', 0),
(58, 14, 54, 11, '2017-07-13 18:45:00', '2017-07-13 19:10:00', 0),
(59, 13, 55, 17, '2017-07-14 00:01:00', '2017-07-14 00:21:00', 0),
(61, 15, 14, 32, '2017-07-13 14:35:00', '2017-07-13 16:30:00', 0),
(62, 4, 23, 29, '2017-07-13 14:35:00', '2017-07-13 16:30:00', 0),
(63, 21, 23, 38, '2017-07-13 14:35:00', '2017-07-13 16:30:00', 0),
(64, 2, 23, 33, '2017-07-13 14:35:00', '2017-07-13 16:30:00', 0),
(65, 6, 18, 19, '2017-07-13 15:00:00', '2017-07-13 19:05:00', 0),
(66, 14, 4, 4, '2017-07-13 14:15:00', '2017-07-13 15:15:00', 0),
(67, 12, 57, 27, '2017-07-14 08:15:00', '2017-07-14 08:40:00', 0),
(72, 12, 24, 11, '2017-07-13 23:30:00', '2017-07-14 03:30:00', 0),
(73, 6, 24, 36, '2017-07-13 23:30:00', '2017-07-14 03:30:00', 0),
(74, 2, 24, 34, '2017-07-13 23:30:00', '2017-07-14 03:30:00', 0),
(75, 20, 20, 32, '2017-07-13 23:30:00', '2017-07-14 04:30:00', 0),
(76, 11, 13, 29, '2017-07-14 02:00:00', '2017-07-14 03:45:00', 0),
(81, 14, 63, 1, '2017-07-13 07:50:00', '2017-07-13 08:15:00', 0),
(82, 12, 64, 16, '2017-07-13 14:15:00', '2017-07-13 14:55:00', 0),
(88, 15, 70, 9, '2017-07-15 02:00:00', '2017-07-15 03:45:00', 0),
(91, 14, 73, 30, '2017-07-14 13:30:00', '2017-07-14 13:55:00', 0),
(95, 11, 76, 28, '2017-07-13 12:00:00', '2017-07-13 16:00:00', 0),
(96, 7, 77, 27, '2017-07-13 12:50:00', '2017-07-13 14:45:00', 0),
(97, 17, 78, 19, '2017-07-14 01:30:00', '2017-07-14 03:25:00', 0),
(98, 6, 79, 33, '2017-07-14 18:35:00', '2017-07-14 20:30:00', 0),
(99, 3, 80, 37, '2017-07-13 14:45:00', '2017-07-13 15:10:00', 0),
(100, NULL, 45, 1, '2017-07-13 14:35:00', '2017-07-13 16:35:00', 0),
(101, NULL, 17, 1, '2017-07-13 14:35:00', '2017-07-13 16:30:00', 0),
(102, NULL, 11, 1, '2017-07-13 14:35:00', '2017-07-13 16:35:00', 0),
(103, NULL, 72, 1, '2017-07-13 14:35:00', '2017-07-13 16:35:00', 0),
(104, 12, 81, 33, '2017-07-16 13:40:00', '2017-07-16 15:35:00', 0),
(105, 11, 82, 28, '2017-07-14 09:00:00', '2017-07-14 11:00:00', 0),
(106, 17, 83, 30, '2017-07-13 13:00:00', '2017-07-13 13:25:00', 0),
(107, 17, 84, 7, '2017-07-13 14:30:00', '2017-07-13 14:45:00', 0),
(108, NULL, 8, 32, '2017-07-13 14:35:00', '2017-07-13 16:35:00', 0),
(109, 10, 85, 11, '2017-07-13 20:10:00', '2017-07-13 20:30:00', 0),
(111, 5, 87, 28, '2017-07-13 18:40:00', '2017-07-13 18:55:00', 0),
(112, 10, 62, 35, '2017-07-14 02:30:00', '2017-07-14 05:20:00', 0),
(113, 21, 62, 17, '2017-07-14 02:30:00', '2017-07-14 05:20:00', 0),
(114, 6, 62, 16, '2017-07-14 02:30:00', '2017-07-14 05:20:00', 0),
(115, 8, 48, 27, '2017-07-14 05:00:00', '2017-07-14 06:00:00', 0),
(116, 11, 88, 7, '2017-07-13 18:25:00', '2017-07-13 20:30:00', 0),
(117, 9, 89, 37, '2017-07-14 09:25:00', '2017-07-14 11:25:00', 0),
(119, 1, 87, 8, '2017-07-13 18:40:00', '2017-07-13 18:55:00', 0),
(120, 17, 90, 10, '2017-07-14 07:00:00', '2017-07-14 08:55:00', 0),
(121, 11, 91, 7, '2017-07-14 20:15:00', '2017-07-14 22:35:00', 0),
(122, 5, 92, 29, '2017-07-13 18:40:00', '2017-07-13 19:10:00', 0),
(123, 4, 93, 13, '2017-07-14 14:00:00', '2017-07-14 15:00:00', 0),
(125, 4, 95, 38, '2017-07-17 00:01:00', '2017-07-17 01:45:00', 0),
(126, 13, 36, 14, '2017-07-14 09:40:00', '2017-07-14 11:35:00', 0),
(127, 8, 37, 4, '2017-07-14 11:45:00', '2017-07-14 12:30:00', 0),
(128, 2, 51, 7, '2017-07-14 11:50:00', '2017-07-14 14:40:00', 0),
(129, 7, 96, 33, '2017-07-13 19:30:00', '2017-07-13 19:55:00', 0),
(130, 3, 97, 9, '2017-07-13 20:05:00', '2017-07-13 20:15:00', 0),
(131, 2, 85, 8, '2017-07-13 20:10:00', '2017-07-13 20:30:00', 0),
(132, 21, 98, 6, '2017-07-13 20:55:00', '2017-07-13 21:05:00', 0),
(133, 15, 99, 32, '2017-07-13 20:45:00', '2017-07-13 21:20:00', 0),
(134, 10, 100, 6, '2017-07-13 21:55:00', '2017-07-13 22:10:00', 0),
(135, 2, 100, 35, '2017-07-13 21:55:00', '2017-07-13 22:10:00', 0),
(136, 3, 101, 35, '2017-07-13 21:10:00', '2017-07-13 21:20:00', 0),
(137, 8, 102, 16, '2017-07-13 23:00:00', '2017-07-13 23:30:00', 0),
(138, 14, 103, 11, '2017-07-14 02:05:00', '2017-07-14 02:30:00', 0),
(139, 19, 104, 38, '2017-07-14 01:00:00', '2017-07-14 03:00:00', 0),
(140, 12, 105, 27, '2017-07-14 09:15:00', '2017-07-14 09:40:00', 0),
(141, NULL, 50, 1, '2017-07-14 16:35:00', '2017-07-14 18:30:00', 0),
(142, 9, 65, 30, '2017-07-14 16:35:00', '2017-07-14 18:30:00', 0),
(143, 12, 106, 33, '2017-07-15 16:45:00', '2017-07-15 19:25:00', 0),
(145, 17, 108, 4, '2017-07-14 16:50:00', '2017-07-14 18:20:00', 0),
(147, 17, 110, 17, '2017-07-14 20:50:00', '2017-07-14 21:15:00', 0),
(148, 8, 111, 4, '2017-07-14 13:40:00', '2017-07-14 15:35:00', 0),
(149, 1, 109, 37, '2017-07-14 12:50:00', '2017-07-14 13:15:00', 0),
(151, 17, 112, 28, '2017-07-14 14:55:00', '2017-07-14 15:20:00', 0),
(153, 11, 114, 38, '2017-07-14 17:50:00', '2017-07-14 18:05:00', 0),
(154, 14, 115, 38, '2017-07-16 20:30:00', '2017-07-16 20:55:00', 0),
(156, 13, 39, 32, '2017-07-14 22:30:00', '2017-07-14 23:15:00', 0),
(157, 7, 41, 38, '2017-07-15 00:01:00', '2017-07-15 01:40:00', 0),
(158, 21, 117, 6, '2017-07-14 15:10:00', '2017-07-14 15:20:00', 0),
(159, 3, 117, 19, '2017-07-14 15:10:00', '2017-07-14 15:20:00', 0),
(160, 21, 118, 35, '2017-07-14 23:00:00', '2017-07-15 01:50:00', 0),
(161, 9, 118, 34, '2017-07-14 23:00:00', '2017-07-15 01:50:00', 0),
(163, 11, 67, 25, '2017-07-15 01:30:00', '2017-07-15 03:05:00', 0),
(164, 14, 119, 8, '2017-07-14 15:15:00', '2017-07-14 16:00:00', 0),
(165, 17, 120, 28, '2017-07-15 15:30:00', '2017-07-15 16:05:00', 0),
(166, 13, 121, 29, '2017-07-16 03:00:00', '2017-07-16 04:40:00', 0),
(168, 11, 113, 6, '2017-07-14 16:20:00', '2017-07-14 16:35:00', 0),
(169, 8, 108, 36, '2017-07-14 16:50:00', '2017-07-14 18:20:00', 0),
(170, 12, 123, 37, '2017-07-14 16:10:00', '2017-07-14 16:40:00', 0),
(171, 2, 124, -1, '2017-07-14 16:30:00', '2017-07-14 17:00:00', 0),
(173, 2, 126, 32, '2017-07-14 17:30:00', '2017-07-14 18:00:00', 0),
(174, 12, 47, 19, '2017-07-15 00:30:00', '2017-07-15 02:35:00', 0),
(175, 8, 66, 36, '2017-07-15 03:15:00', '2017-07-15 05:00:00', 0),
(177, 10, 122, 38, '2017-07-14 19:15:00', '2017-07-14 19:45:00', 0),
(178, 5, 128, 25, '2017-07-14 23:25:00', '2017-07-14 23:35:00', 0),
(180, 4, 128, 19, '2017-07-14 23:25:00', '2017-07-14 23:35:00', 0),
(181, 19, 130, 8, '2017-07-15 10:20:00', '2017-07-15 13:00:00', 0),
(182, 4, 131, 30, '2017-07-15 17:00:00', '2017-07-15 19:00:00', 0),
(183, 11, 125, 32, '2017-07-14 21:30:00', '2017-07-14 21:55:00', 0),
(184, 12, 42, 6, '2017-07-14 23:55:00', '2017-07-15 00:25:00', 0),
(185, 20, 127, 32, '2017-07-15 02:30:00', '2017-07-15 03:40:00', 0),
(186, NULL, 91, 36, '2017-07-14 20:15:00', '2017-07-14 22:35:00', 0),
(187, 17, 132, 32, '2017-07-14 20:30:00', '2017-07-14 20:40:00', 0),
(188, 13, 9, 13, '2017-07-15 11:00:00', '2017-07-15 13:15:00', 0),
(189, 4, 130, 30, '2017-07-15 10:20:00', '2017-07-15 13:00:00', 0),
(190, 1, 21, 6, '2017-07-15 11:25:00', '2017-07-15 13:35:00', 0),
(192, 13, 133, 29, '2017-07-15 01:30:00', '2017-07-15 03:35:00', 0),
(193, 17, 134, 11, '2017-07-14 23:00:00', '2017-07-14 23:50:00', 0),
(194, 14, 135, 4, '2017-07-15 11:00:00', '2017-07-15 11:50:00', 0),
(195, 12, 136, 14, '2017-07-15 10:10:00', '2017-07-15 10:30:00', 0),
(196, 3, 137, 10, '2017-07-16 06:50:00', '2017-07-16 09:25:00', 0),
(197, 10, 138, 4, '2017-07-16 08:30:00', '2017-07-16 11:00:00', 0),
(199, 10, 140, 27, '2017-07-16 15:45:00', '2017-07-16 18:20:00', 0),
(200, 21, 141, 28, '2017-07-16 21:30:00', '2017-07-16 23:55:00', 0),
(201, 5, 142, 16, '2017-07-15 01:00:00', '2017-07-15 01:50:00', 0),
(202, 3, 143, 32, '2017-07-16 23:00:00', '2017-07-17 01:25:00', 0),
(203, 11, 144, 19, '2017-07-16 14:15:00', '2017-07-16 16:45:00', 0),
(204, 11, 145, 19, '2017-07-16 21:15:00', '2017-07-16 23:35:00', 0),
(205, 5, 146, 16, '2017-07-15 02:05:00', '2017-07-15 02:30:00', 0),
(206, 8, 147, 4, '2017-07-15 14:00:00', '2017-07-15 16:30:00', 0),
(207, 5, 75, 16, '2017-07-15 02:00:00', '2017-07-15 02:35:00', 0),
(209, 10, 149, 4, '2017-07-16 12:45:00', '2017-07-16 15:10:00', 0),
(211, 5, 151, 27, '2017-07-15 09:50:00', '2017-07-15 10:15:00', 0),
(214, 9, 153, 29, '2017-07-16 18:45:00', '2017-07-16 20:50:00', 0),
(216, 21, 155, 11, '2017-07-17 01:00:00', '2017-07-17 02:55:00', 0),
(218, 19, 131, 14, '2017-07-15 17:00:00', '2017-07-15 19:00:00', 0),
(219, 11, 131, 8, '2017-07-15 17:00:00', '2017-07-15 19:00:00', 0),
(220, 14, 157, 37, '2017-07-15 09:45:00', '2017-07-15 10:00:00', 0),
(221, 8, 158, 37, '2017-07-15 13:05:00', '2017-07-15 13:30:00', 0),
(222, 17, 159, 6, '2017-07-15 13:45:00', '2017-07-15 14:15:00', 0),
(223, 15, 160, 28, '2017-07-15 10:20:00', '2017-07-15 10:40:00', 0),
(224, 8, 161, 16, '2017-07-15 20:10:00', '2017-07-15 22:40:00', 0),
(226, 7, 163, 38, '2017-07-15 18:15:00', '2017-07-15 18:45:00', 0),
(227, 12, 164, 28, '2017-07-15 14:30:00', '2017-07-15 15:00:00', 0),
(229, 20, 26, 28, '2017-07-15 11:20:00', '2017-07-15 13:20:00', 0),
(230, 14, 166, 19, '2017-07-15 14:45:00', '2017-07-15 16:30:00', 0),
(232, 6, 167, 36, '2017-07-16 09:00:00', '2017-07-16 11:45:00', 0),
(233, 10, 168, 9, '2017-07-16 02:30:00', '2017-07-16 03:45:00', 0),
(234, 14, 169, 30, '2017-07-15 13:30:00', '2017-07-15 14:10:00', 0),
(235, 9, 170, 34, '2017-07-15 14:30:00', '2017-07-15 14:40:00', 0),
(237, 17, 171, 33, '2017-07-15 15:00:00', '2017-07-15 15:30:00', 0),
(238, 9, 129, 17, '2017-07-16 04:00:00', '2017-07-16 07:00:00', 0),
(240, 7, 86, 25, '2017-07-15 19:00:00', '2017-07-15 21:25:00', 0),
(241, 20, 162, 34, '2017-07-16 01:30:00', '2017-07-16 04:00:00', 0),
(242, 15, 172, 11, '2017-07-15 19:15:00', '2017-07-15 21:00:00', 0),
(243, 11, 173, 38, '2017-07-15 20:30:00', '2017-07-15 23:15:00', 0),
(245, 17, 175, 34, '2017-07-15 18:40:00', '2017-07-15 19:15:00', 0),
(246, 14, 176, 29, '2017-07-15 17:45:00', '2017-07-15 18:10:00', 0),
(247, 9, 174, 9, '2017-07-15 20:55:00', '2017-07-15 21:40:00', 0),
(248, 4, 22, 11, '2017-07-16 01:00:00', '2017-07-16 04:15:00', 0),
(249, 3, 177, 29, '2017-07-15 22:00:00', '2017-07-15 22:20:00', 0),
(250, 2, 178, 34, '2017-07-16 16:25:00', '2017-07-16 18:40:00', 0),
(251, 2, 179, 34, '2017-07-17 00:01:00', '2017-07-17 03:01:00', 0),
(252, 12, 180, 17, '2017-07-15 21:15:00', '2017-07-15 22:30:00', 0),
(253, 21, 138, 14, '2017-07-16 08:30:00', '2017-07-16 11:00:00', 0),
(254, 12, 181, 16, '2017-07-17 01:00:00', '2017-07-17 03:00:00', 0),
(255, 5, 152, 30, '2017-07-16 09:30:00', '2017-07-16 12:00:00', 0),
(256, 15, 182, 35, '2017-07-16 18:40:00', '2017-07-16 20:30:00', 0),
(257, 15, 183, 35, '2017-07-17 01:30:00', '2017-07-17 03:20:00', 0),
(258, 8, 184, 27, '2017-07-17 08:45:00', '2017-07-17 10:40:00', 0),
(259, 7, 185, 8, '2017-07-16 12:50:00', '2017-07-16 14:40:00', 0),
(260, 6, 186, 9, '2017-07-16 23:00:00', '2017-07-17 01:10:00', 0),
(262, 17, 188, 37, '2017-07-16 08:45:00', '2017-07-16 09:10:00', 0),
(264, 10, 31, 25, '2017-07-16 00:30:00', '2017-07-16 02:20:00', 0),
(266, 3, 148, 10, '2017-07-16 12:30:00', '2017-07-16 14:55:00', 0),
(267, 17, 190, 37, '2017-07-16 09:45:00', '2017-07-16 12:30:00', 0),
(268, 21, 149, 14, '2017-07-16 12:45:00', '2017-07-16 15:10:00', 0),
(269, 20, 81, 7, '2017-07-16 13:40:00', '2017-07-16 15:35:00', 0),
(270, 13, 156, 6, '2017-07-16 12:55:00', '2017-07-16 14:45:00', 0),
(271, 2, 94, 10, '2017-07-16 13:50:00', '2017-07-16 15:35:00', 0),
(272, 3, 139, 32, '2017-07-16 15:15:00', '2017-07-16 17:50:00', 0),
(273, 21, 140, 28, '2017-07-16 15:45:00', '2017-07-16 18:20:00', 0),
(274, 10, 191, 25, '2017-07-16 03:30:00', '2017-07-16 03:50:00', 0),
(275, 8, 144, 13, '2017-07-16 14:15:00', '2017-07-16 16:45:00', 0),
(276, 8, 145, 16, '2017-07-16 21:15:00', '2017-07-16 23:35:00', 0),
(277, 10, 141, 27, '2017-07-16 21:30:00', '2017-07-16 23:55:00', 0),
(278, 5, 154, 25, '2017-07-16 20:30:00', '2017-07-16 22:30:00', 0),
(279, 1, 178, 38, '2017-07-16 16:25:00', '2017-07-16 18:40:00', 0),
(280, 6, 49, 11, '2017-07-16 17:45:00', '2017-07-16 20:05:00', 0),
(281, 1, 179, 36, '2017-07-17 00:01:00', '2017-07-17 03:01:00', 0),
(282, 9, 155, 29, '2017-07-17 01:00:00', '2017-07-17 02:55:00', 0),
(283, 17, 165, 1, '2017-07-16 06:30:00', '2017-07-16 06:55:00', 0),
(284, NULL, 192, 27, '2017-07-16 13:45:00', '2017-07-16 14:05:00', 0),
(286, 15, 189, 27, '2017-07-16 10:15:00', '2017-07-16 10:35:00', 0),
(287, 4, 193, 1, '2017-07-16 12:10:00', '2017-07-16 12:45:00', 0),
(288, 19, 193, 7, '2017-07-16 12:10:00', '2017-07-16 12:45:00', 0),
(289, 17, 194, 30, '2017-07-16 14:15:00', '2017-07-16 16:15:00', 0),
(291, 3, 196, 34, '2017-07-16 14:00:00', '2017-07-16 14:25:00', 0),
(293, 0, 198, 0, '0000-00-00 00:00:00', '0000-00-00 00:00:00', 0),
(298, 5, 203, 32, '2017-07-16 16:55:00', '2017-07-16 18:40:00', 0),
(299, 17, 204, 25, '2017-07-17 01:00:00', '2017-07-17 01:20:00', 0),
(300, 7, 195, 6, '2017-07-16 15:30:00', '2017-07-16 16:10:00', 0),
(301, 12, 205, 11, '2017-07-16 19:55:00', '2017-07-16 20:20:00', 0),
(302, 20, 206, 11, '2017-07-16 22:00:00', '2017-07-16 23:35:00', 0),
(303, 12, 206, 35, '2017-07-16 22:00:00', '2017-07-16 23:35:00', 0),
(304, 17, 207, 25, '2017-07-17 00:15:00', '2017-07-17 00:40:00', 0),
(305, 5, 208, 19, '2017-07-17 01:30:00', '2017-07-17 03:10:00', 0),
(306, 2, 197, 9, '2017-07-16 20:15:00', '2017-07-16 20:45:00', 0),
(307, 7, 209, 34, '2017-07-16 20:15:00', '2017-07-16 20:35:00', 0),
(308, 11, 202, 8, '2017-07-17 10:15:00', '2017-07-17 12:25:00', 0),
(309, 8, 187, 14, '2017-07-17 11:15:00', '2017-07-17 13:10:00', 0),
(310, 10, 210, 19, '2017-07-17 00:30:00', '2017-07-17 01:15:00', 0),
(311, 7, 211, 10, '2017-07-16 21:40:00', '2017-07-16 22:00:00', 0),
(312, 17, 116, 4, '2017-07-17 08:20:00', '2017-07-17 09:00:00', 0),
(313, 9, 212, 38, '2017-07-16 22:40:00', '2017-07-16 23:10:00', 0),
(314, 14, 213, 4, '2017-07-17 09:15:00', '2017-07-17 09:55:00', 0),
(315, 13, 201, 32, '2017-07-17 02:00:00', '2017-07-17 02:25:00', 0),
(328, 0, 214, 13, '2017-07-17 15:30:00', '2017-07-17 17:10:00', 0),
(329, 0, 214, 14, '2017-07-17 15:30:00', '2017-07-17 17:10:00', 0),
(330, 0, 214, 27, '2017-07-17 15:30:00', '2017-07-17 17:10:00', 0),
(331, 0, 214, 28, '2017-07-17 15:30:00', '2017-07-17 17:10:00', 0),
(332, 0, 215, 0, '2017-07-17 15:00:00', '2017-07-17 16:40:00', 0),
(333, 0, 215, 0, '2017-07-17 15:00:00', '2017-07-17 16:40:00', 0),
(334, 0, 215, 0, '2017-07-17 15:00:00', '2017-07-17 16:40:00', 0),
(335, 0, 215, 0, '2017-07-17 15:00:00', '2017-07-17 16:40:00', 0);

-- --------------------------------------------------------

--
-- Structure de la table `indisponibility`
--

CREATE TABLE IF NOT EXISTS `indisponibility` (
  `id` int(11) NOT NULL AUTO_INCREMENT,
  `id_item` int(11) NOT NULL,
  `id_item_type` int(1) NOT NULL,
  `begin_date` datetime NOT NULL,
  `end_date` datetime NOT NULL,
  PRIMARY KEY (`id`)
) ENGINE=InnoDB  DEFAULT CHARSET=latin1 COLLATE=latin1_general_ci AUTO_INCREMENT=32 ;

--
-- Contenu de la table `indisponibility`
--

INSERT INTO `indisponibility` (`id`, `id_item`, `id_item_type`, `begin_date`, `end_date`) VALUES
(4, 13, 0, '2017-07-13 12:00:00', '2017-07-14 06:00:00'),
(5, 33, 0, '2017-07-15 07:00:00', '2017-07-15 14:00:00'),
(6, 25, 0, '2017-07-13 04:00:00', '2017-07-13 16:00:00'),
(7, 36, 0, '2017-07-13 04:00:00', '2017-07-13 18:00:00'),
(10, 27, 0, '2017-07-14 14:00:00', '2017-07-14 22:00:00'),
(11, 27, 0, '2017-07-15 13:00:00', '2017-07-15 21:00:00'),
(14, 8, 0, '2017-07-13 00:00:00', '2017-07-13 08:00:00'),
(15, 29, 0, '2017-07-14 06:00:00', '2017-07-14 21:00:00'),
(17, 36, 0, '2017-07-15 17:00:00', '2017-07-16 08:00:00'),
(18, 35, 0, '2017-07-15 17:00:00', '2017-07-16 08:00:00'),
(19, 17, 0, '2017-07-16 08:00:00', '2017-07-17 06:00:00'),
(20, 32, 0, '2017-07-15 19:00:00', '2017-07-16 12:00:00'),
(24, 16, 0, '2017-07-16 00:00:00', '2017-07-16 18:00:00'),
(25, 37, 0, '2017-07-16 18:00:00', '2017-07-17 20:00:00'),
(26, 30, 0, '2017-07-16 18:00:00', '2017-07-17 20:00:00'),
(27, 25, 0, '2017-07-17 01:00:00', '2017-07-17 17:00:00'),
(28, 8, 0, '2017-07-16 20:00:00', '2017-07-17 06:00:00'),
(30, 28, 0, '2017-07-14 16:00:00', '2017-07-15 00:00:00'),
(31, 28, 0, '2017-07-16 02:00:00', '2017-07-16 09:00:00');

-- --------------------------------------------------------

--
-- Structure de la table `location`
--

CREATE TABLE IF NOT EXISTS `location` (
  `id` int(11) NOT NULL AUTO_INCREMENT,
  `id_location_type` int(11) DEFAULT NULL,
  `name` varchar(45) CHARACTER SET utf8 NOT NULL,
  `address` varchar(255) CHARACTER SET utf8 DEFAULT NULL,
  `town` varchar(45) CHARACTER SET utf8 DEFAULT NULL,
  `zip` int(11) DEFAULT NULL,
  `country` varchar(45) CHARACTER SET utf8 DEFAULT NULL,
  `phone` varchar(15) COLLATE latin1_general_ci DEFAULT NULL,
  `fax` varchar(15) COLLATE latin1_general_ci DEFAULT NULL,
  `web` varchar(45) CHARACTER SET utf8 DEFAULT NULL,
  PRIMARY KEY (`id`,`name`),
  KEY `fk_Location_Location_type1_idx` (`id_location_type`)
) ENGINE=InnoDB  DEFAULT CHARSET=latin1 COLLATE=latin1_general_ci AUTO_INCREMENT=288 ;

--
-- Contenu de la table `location`
--

INSERT INTO `location` (`id`, `id_location_type`, `name`, `address`, `town`, `zip`, `country`, `phone`, `fax`, `web`) VALUES
(1, 5, 'Accueil Artistes', 'Kerampuilh', 'Carhaix-Plouguer', 29270, 'FRANCE', '0', '0', ''),
(2, 5, 'Scène 1 - Glenmor', 'Kerampuilh', 'CARHAIX PLOUGUER', 29270, 'FRANCE', '0', '0', ''),
(3, 5, 'Scène 2 - Kerouac', 'Kerampuilh', 'CARHAIX PLOUGUER', 29270, 'FRANCE', '0', '0', ''),
(4, 5, 'Scène 3 - Grall', 'Kerampuilh', 'CARHAIX PLOUGUER', 29270, 'FRANCE', '0', '0', ''),
(5, 5, 'Scène 4 - Youenn Gwernig', 'Kerampuilh', 'CARHAIX PLOUGUER', 29270, 'FRANCE', '0', '0', ''),
(132, 10, 'Aéroport De Brest Guipavas', ' ', 'GUIPAVAS', 29490, 'FRANCE', '02 98 76 54 31', '0', 'http://www.brest.aeroport.fr/fr/'),
(133, 10, 'Aéroport De Saint Brieuc Armor', 'AEROPORT ST BRIEUC ARMOR', 'SAINT-BRIEUC', 22000, 'FRANCE', '2', '2', ''),
(134, 10, 'Aéroport De Quimper Cornouaille', 'RTE PLUGUFFAN', 'QUIMPER', 29000, 'FRANCE', '2', '2', 'http://www.quimper.aeroport.fr/'),
(135, 10, 'Aéroport De Lorient Bretagne Sud', 'LANN BIHOUE', 'PLOEMEUR', 56270, 'FRANCE', '2', '2', 'http://www.lorient.aeroport.fr/index.html'),
(136, 10, 'Aéroport De Rennes', 'AV JOSEPH LE BRIX ST JACQUES DE LA LANDE - BP 29155', 'RENNES', 35091, 'FRANCE', '2', '2', 'http://www.rennes.aeroport.fr/'),
(137, 1, 'Gare de Guingamp', 'PLACE DE LA GARE', 'GUINGAMP', 22200, 'FRANCE', '3635', '0', 'http://www.voyages-sncf.com'),
(138, 1, 'Gare de Saint-Brieuc', '5 BD CHARNER', 'SAINT-BRIEUC', 22000, 'FRANCE', '2', '0', ''),
(139, 1, 'Gare de Brest', '1 place 19ème RI', 'BREST', 29200, 'FRANCE', '3635', '0', ''),
(140, 1, 'Gare de Lorient', 'RUE BEAUVAIS', 'LORIENT', 56100, 'FRANCE', '3635', '0', ''),
(141, 1, 'Gare de Quimper', '1 PLACE LOUIS ARMAND', 'QUIMPER', 29000, 'FRANCE', '3635', '0', ''),
(142, 1, 'Gare de Morlaix', 'PLACE DE LA GARE', 'MORLAIX', 29600, 'FRANCE', '3635', '0', ''),
(144, 2, 'Hôtel Noz Vad', '12 BD REPUBLIQUE', 'CARHAIX', 29270, 'FRANCE', '2', '2', 'http://www.nozvad.com/'),
(145, 2, 'Institut de Locarn', 'KERHUNOU', 'LOCARN', 22340, 'FRANCE', '2', '2', 'http://www.institut-locarn.com/actualites'),
(146, 2, 'Hôtel de l''Arrivée Guingamp', '19 BVD CLEMENCEAU', 'GUINGAMP', 22200, 'FRANCE', '2', '2', 'http://www.hotel-arrivee.com/'),
(147, 2, 'Hôtel Brit Armor Guingamp', '44 BVD CLEMENCEAU', 'GUINGAMP', 22200, 'FRANCE', '2', '2', 'http://www.armor-hotel.com/'),
(148, 2, 'Hôtel Ibis Brest Kergaradec', '1 R AM ROMAIN DESFOSSES', 'BREST', 29200, 'FRANCE', '2', '2', 'http://www.ibishotel.com/ibis/fichehotel/fr/i'),
(149, 2, 'Hôtel Ibis Brest Centre', '13, RUE DE SIAM', 'BREST', 29200, 'FRANCE', '2', '2', 'http://www.ibishotel.com/ibis/fichehotel/fr/i'),
(150, 2, 'Hôtel le Continental Brest', 'SQUARE LA TOUR D AUVERGNE', 'BREST', 29200, 'FRANCE', '2', '2', 'http://www.oceaniahotels.com/fr/'),
(151, 2, 'Hôtel L''Amirauté Brest', '41 RUE BRANDA ', 'BREST', 29200, 'FRANCE', '2', '2', 'http://www.oceaniahotels.com/fr/'),
(152, 2, 'Hôtel Océania Brest Centre', '82 RUE DE SIAM', 'BREST', 29200, 'FRANCE', '2', '2', 'http://www.oceaniahotels.com/fr/'),
(153, 2, 'Hôtel Ibis Lorient Caudan', '758 RUE PIERRE LANDAIS CENTRE HOTELIER DE BELLEVUE', 'CAUDAN', 56850, 'FRANCE', '2', '2', 'http://www.oceaniahotels.com/fr/'),
(154, 2, 'Hôtel Escale Océania Brest Aéroport', '32 AVENUE DU BARON LACROSSE', 'GOUESNOU', 29850, 'FRANCE', '2', '2', 'http://www.oceaniahotels.com/fr/'),
(155, 2, 'Hôtel Ibis Guingamp', '6 R CHESNAYE', 'PLOUMAGOAR', 22970, 'FRANCE', '2', '2', ''),
(157, 2, 'Brit Hôtel Brest Est Landerneau', 'Parc d''innovation de Mescoat, Route de Traon Beuzit', 'Landerneau', 29800, 'FRANCE', '2', '2', 'http://www.ibishotel.com/ibis/fichehotel/fr/i'),
(158, 2, 'Hôtel Ibis Lorient Centre Gare', '9 COURS DE CHAZELLES', 'LORIENT', 56100, 'FRANCE', '2', '2', 'http://www.ibishotel.com/ibis/fichehotel/fr/i'),
(159, 2, 'Hôtel Mercure Lorient Centre', '31 PLACE JULES FERRY', 'LORIENT', 56100, 'FRANCE', '2', '2', 'http://www.mercure.com/mercure/fichehotel/fr/'),
(160, 2, 'Hôtel Henri IV Rostrenen', 'Kerbanel', 'Rostrenen', 22110, 'FRANCE', '2', '0', ''),
(161, 2, 'Hôtel Ibis Saint-Brieuc Yffiniac', '36 RUE JULIEN QUINTIN', 'YFFINIAC', 22120, 'FRANCE', '2', '2', 'http://www.ibishotel.com/ibis/fichehotel/fr/i'),
(168, 5, 'Espace Glenmor', 'R JEAN MONNET', 'CARHAIX PLOUGUER', 29270, 'FRANCE', '2', '0', 'http://www.ville-carhaix.com/'),
(169, 5, 'Espace Presse', 'Kerampuilh', 'CARHAIX PLOUGUER', 29270, 'FRANCE', '0', '0', ''),
(172, 5, 'Régie Bar', 'Kerampuilh', 'CARHAIX PLOUGUER', 29270, 'FRANCE', '0', '0', ''),
(176, 9, 'Hôpital de Carhaix', '14B rue du Docteur Menguy', 'CARHAIX-PLOUGUER', 29270, 'France', '8', NULL, NULL),
(177, 9, 'Hôpital de Brest', 'BOULEVARD TANGUY PRIGENT', 'BREST', 29200, 'FRANCE', '2', '0', ''),
(178, 5, 'Catering Artistes - Scène 1', 'Kerampuilh', 'CARHAIX-PLOUGUER', 29270, '', '0', '0', ''),
(179, 10, 'Aéroport de Nantes', '', 'NANTES', 0, 'FRANCE', '0', '0', ''),
(182, 1, 'Gare de Carhaix', 'PLACE DE LA GARE', 'CARHAIX', 29270, 'FRANCE', '3635', '0', ''),
(183, 2, 'Hôtel de Clisson Saint-Brieuc', '36-38, RUE DE GOUÀT', 'SAINT-BRIEUC', 22000, 'FRANCE', '2', '2', ''),
(185, 2, 'Hôtel Océania centre Quimper', '17 RUE DU POHER', 'QUIMPER', 29000, 'FRANCE', '02 98 90 46 26', '', 'http://www.oceaniahotels.com/h/hotel-oceania-'),
(186, 1, 'Gare De Rennes', 'Gare', 'Rennes', 35000, 'France', '0', '0', ''),
(187, 9, 'Autre', '', '', 0, '', '0', '0', ''),
(188, 10, 'Aéroport du Bourget', 'LE BOURGET', 'LE BOURGET', 0, '', '0', '0', ''),
(189, 9, 'Golf de Brest Iroise', 'PARC LANN ROHOU', 'SAINT URBAIN', 29800, 'FRANCE', '2', '2', 'http://www.brest-iroise.com/'),
(190, 9, 'Pressing du Poher', '2 RUE CHARLES LE GOFF', 'CARHAIX PLOUGUER', 29270, 'FRANCE', '2', '0', ''),
(191, 2, 'Auberge Expo du Youdic', 'EXPO DU YOUDIG - KERVEGUENET', 'BRENNILIS', 29690, 'FRANCE', '2', '0', ''),
(192, 2, 'Hôtel du Lac Huelgoat', 'Rue du Général de Gaulle', 'HUELGOAT', 29690, 'FRANCE', '0', '0', ''),
(193, 2, 'Château de Locguénolé Kervignac', 'Locguénolé', 'KERVIGNAC', 56700, 'FRANCE', '2', '0', ''),
(194, 2, 'Hôtel Ibis Rennes Centre', '12 RUE DE CLISSON', 'RENNES', 35000, 'FRANCE', '0', '0', ''),
(195, 2, 'Hôtel de l''Europe Morlaix', '1 Rue d''Aiguillon', 'MORLAIX', 29600, 'FRANCE', '0', '0', ''),
(196, 2, 'Villa Kerasy', '20 AVENUE FAVREL ET LINCY', 'VANNES', 56000, 'FRANCE', '2', '0', ''),
(198, 1, 'Gare de Rosporden', 'Place de la Gare\n', 'Rosporden', 29140, 'FRANCE', '0', '0', ''),
(199, 9, 'Lycée Paul Sérusier', 'Avenue de Waldkappel', 'Carhaix-Plouguer', 29270, 'FRANCE', '0', '0', ''),
(201, 2, 'Hôtel Le Clos du Pontic Landerneau', '3 rue du Pontic', 'LANDERNEAU', 29800, 'FRANCE', '33', '33', NULL),
(202, 2, 'Hôtel Mercure Quimper Centre', '21 BIS AVENUE DE LA GARE', 'QUIMPER', 29000, 'FRANCE', '2', NULL, NULL),
(203, 2, 'Hôtel Best Western Quimper', '11-15 Rue Des Reguaires', 'Quimper', 29000, 'FRANCE', '0', '0', 'http://www.bestwestern-hotel-kregenn.com'),
(204, 2, 'Hôtel Le Château du Val Planguenoual', 'Le Val', 'Planguenoual', 22400, 'FRANCE', '296', '296', 'http://www.chateau-du-val.com/'),
(206, 2, 'Domaine de Kerbastic Guidel', 'Route de Locmaria', 'GUIDEL', 56520, 'FRANCE', '8', NULL, NULL),
(207, 2, 'Hôtel La Demeure Guingamp', '5 RUE DU GENERAL DE GAULLE', 'GUINGAMP', 22200, 'FRANCE', '2', '2', NULL),
(212, 2, 'Hôtel Best Western Cap Coz Fouesnant', '26 AV DE LA POINTE', 'FOUESNANT', 29170, NULL, NULL, NULL, NULL),
(213, 2, 'Hôtel Best Western Europe Brest', '247 RUE GENERAL PAULET', 'BREST', 29200, 'FRANCE', '2', '2', NULL),
(215, 2, 'Gîte Landeleau', '5 rue de l''Aulne', 'LANDELEAU', 29530, 'FRANCE', NULL, NULL, NULL),
(216, 2, 'Hôtel Best Western Les Rives du Ter', '15 Boulevard Jean Monnet', 'Larmor-Plage', 56260, NULL, NULL, NULL, NULL),
(217, 10, 'Aéroport de Morlaix', 'Ploujean', 'MORLAIX', 29600, 'FRANCE', NULL, NULL, NULL),
(218, 2, 'Hôtel de la Plage', 'Ste Anne La Palud', 'Plonévez Porzay', 29550, '', '0', '0', ''),
(220, 2, 'Hôtel Mercure Rennes Centre Gare', '1 rue du Capitaine Maignan', 'RENNES ', 35000, 'FRANCE', '0', '0', 'http://www.mercure.com/fr/hotel-1249-mercure-'),
(221, 2, 'Hôtel Mercure Rennes Centre Parlement', '1 rue Paul Louis Courier', 'RENNES', 35000, 'FRANCE', '0', '0', 'http://www.mercure.com/fr/hotel-1056-mercure-'),
(222, 3, 'Gîte Treffrin', '16 TACHEN AR GROAS', 'TREFFRIN', 22340, 'FRANCE', NULL, NULL, NULL),
(223, 9, 'Décathlon Carhaix', 'ZONE DE LA VILLENEUVE', 'CARHAIX-PLOUGUER', 29270, 'FRANCE', NULL, NULL, NULL),
(260, 2, 'Hôtel Astoria Lorient', '3 r Olivier de Clisson', 'LORIENT', 56100, 'FRANCE', '0297211023', '0', 'www.hotelastoria-lorient.com'),
(262, 2, 'Hôtel Best Western le Duguesclin Saint-Brieuc', '2 PLACE DU GUESCLIN', 'SAINT BRIEUC', 22000, '', '0296331158', '0', 'www.hotel-duguesclin.fr'),
(263, 2, 'Spa Marin du Val André', '43 Rue Charles de Gannes', 'PLENEUF-VAL-ANDRE', 22370, '', '26575000', '0', 'www.thalasso-resort-bretagne.com'),
(264, 2, 'Hôtel Center Brest Logis', '4 Boulevard Leon Blum', 'Brest', 29200, 'france', '298807807', '298807878', 'http://www.hotelcenter.com/'),
(265, 9, 'Transports Salaün', 'zone artisanale de Stang Ar Garront', 'CHATEAULIN', 29150, '', '298161045', '0', ''),
(266, 2, 'Air BnB', '20 rue de Lann Menard', 'Inzinzac-Lochrist', 56650, 'France', '', '', ''),
(267, 2, 'Le Clos De Vallombreuse', '7 Rue d''Estienne d''Orves', 'Douarnenez', 29100, 'France', '02 98 92 63 64', '02 98 92 84 98', 'http://www.closvallombreuse.com/'),
(268, 2, 'Hôtel Océania escale Quimper', '6 rue Théodore Le Hars', 'Quimper ', 29000, 'france', '02 98 53 37 37', '', 'http://www.oceaniahotels.com/h/hotel-escale-o'),
(269, 2, 'ibis Styles Brest Centre Port', '31 Rue Jean Marie Le Bris, Brest', 'Brest', 29200, 'France', '02 98 20 49 69', '', ''),
(270, 9, 'Chez Valérie Le Tanou, logement chez l''habita', '8 rue de Saisy ', 'Carhaix', 29270, 'France', '06.83.71.30.29', '', ''),
(271, 2, 'Hôtel des Voyageurs Loudeac', '10 rue de Cadelac', 'Loudeac', 22600, 'France', '02 96 28 00 47', '', ''),
(272, 2, 'Hotel a Mousterlin', '33 hameau de tregonnour vihan', 'Fouesnant', 29170, 'france', '', '', ''),
(273, 2, 'Hotel Fontaine', '7 rue Jean Francois PERIOU', 'Morlaix', 29600, 'france', '02 98 62 09 55', '', ''),
(274, 2, 'Gîte du Cosquer', '5 chemin du Menhir', 'Glomel', 22110, '', '06 72 66 40 49', '', ''),
(275, 2, 'Central Hôtel Lorient', '1 Rue Cambry', 'Lorient', 56100, '', '02 97 21 16 52', '', ''),
(276, 2, 'Hôtel B&B Brest', '32 avenue Baron Lacrosse', 'Gouesnou', 29850, '', '0 892 78 80 20', '', 'http://www.hotel-bb.com/fr/hotels/brest-kerga'),
(277, 2, 'Hotel Campanile Brest', '30, Avenue Du Baron Lacrosse', 'Gouesnou', 29850, 'France', '+33 2 98 41 63 ', '+33 2 98 41 56 ', 'http://www.campanile.com/fr/hotels/campanile-'),
(278, 9, 'Logelloù à Penvénan.', ' la cour du Logelloù, Centre d’exploration & de création artistique', 'Penvénan', 22710, 'france', '', '', 'http://www.logellou.com/'),
(279, 3, 'MADDISON’S BAR', ' Le Bourg', 'Sainte Brigitte', 56480, 'france', '', '', ''),
(280, 2, 'Kerotel - Brit Hotel Lorient', '1 Rue Simone Signoret', 'Lorient', 56100, 'France', '02 97 87 90 97', '02 97 87 07 58', 'http://www.kerotel.fr/'),
(281, 2, 'Private House', 'Route de Milizac', 'Bohars', 29820, '', '', '', ''),
(282, 2, 'Kyriad Hôtel', '157 rue Jean Jaurès', 'Brest', 29200, '', '', '', ''),
(283, 2, 'Appart City Vercors Brest', '16/18 rue de Vercors', 'Brest', 29200, '', '', '', ''),
(284, 2, 'GRAND HOTEL DES BAINS ', '15 rue de l’Eglise', 'LOCQUIREC', 29241, 'france', '02 98 67 41 02', '', ''),
(285, 2, 'Hotel Novotel Saint Brieuc centre gare', '7 Esplanade Georges Pompidou', 'SAINT BRIEUC', 22000, 'FRANCE', '02 57 67 08 88', '', 'http://www.novotel.com/fr/hotel-B0L8-novotel-'),
(286, 2, 'HOTEL MERCURE BREST CENTRE', '2 Rue Yves Collet', 'BREST', 29200, 'FRANCE', '02 29 61 09 09', '02 29 62 28 45', 'https://www.accorhotels.com/fr/hotel-A4A5-hot'),
(287, 5, 'SCENE DU CHATEAU', 'KERAMPHUIL', 'CARHAIX', 29270, '', '', '', '');

-- --------------------------------------------------------

--
-- Structure de la table `location_type`
--

CREATE TABLE IF NOT EXISTS `location_type` (
  `id` int(11) NOT NULL AUTO_INCREMENT,
  `type` varchar(45) COLLATE latin1_general_ci DEFAULT NULL,
  `comments` varchar(200) COLLATE latin1_general_ci DEFAULT NULL,
  PRIMARY KEY (`id`)
) ENGINE=InnoDB  DEFAULT CHARSET=latin1 COLLATE=latin1_general_ci AUTO_INCREMENT=11 ;

--
-- Contenu de la table `location_type`
--

INSERT INTO `location_type` (`id`, `type`, `comments`) VALUES
(1, 'GARE SNCF', 'Repas'),
(2, 'HOTEL', 'dormir'),
(3, 'CHAMBRE HOTES', 'avion'),
(4, 'GARE MARITIME', 'train'),
(5, 'SITE KERAMPUIL', NULL),
(6, 'LOCAUX VIEILLES CHARRUES', NULL),
(7, 'BATIMENT ADMINISTRATIF', NULL),
(8, 'CAMPING', NULL),
(9, 'AUTRE', NULL),
(10, 'AEROPORT', 'festival');

-- --------------------------------------------------------

--
-- Structure de la table `people`
--

CREATE TABLE IF NOT EXISTS `people` (
  `id` int(11) NOT NULL AUTO_INCREMENT,
  `id_people_type` int(11) DEFAULT NULL,
  `gender` varchar(45) CHARACTER SET utf8 DEFAULT NULL,
  `last_name` varchar(45) CHARACTER SET utf8 DEFAULT NULL,
  `first_name` varchar(45) CHARACTER SET utf8 DEFAULT NULL,
  `phone` varchar(15) COLLATE latin1_general_ci DEFAULT NULL,
  `email` varchar(45) CHARACTER SET utf8 DEFAULT NULL,
  PRIMARY KEY (`id`),
  KEY `fk_People_People_type1_idx` (`id_people_type`)
) ENGINE=InnoDB  DEFAULT CHARSET=latin1 COLLATE=latin1_general_ci AUTO_INCREMENT=39 ;

--
-- Contenu de la table `people`
--

INSERT INTO `people` (`id`, `id_people_type`, `gender`, `last_name`, `first_name`, `phone`, `email`) VALUES
(1, 4, 'Mme', 'LE SAUX', 'Y Babeth', '0652065026', 'elisabeth.lesaux@gmail.com'),
(2, 4, 'Mr', 'WIEDERHOLD', 'Y Ecky', '0688363059', 'ecky@ecky.fr'),
(3, 4, 'Mme', 'EVEN', 'Y Stéphanie', '0686846113', 'stephanie.even53@orange.fr'),
(4, 4, 'Mr', 'LE MEUR', 'J Michel', '0675865112', 'le-meur.corinne@wanadoo.fr'),
(6, 4, 'Mr', 'COTTON', 'L François', '0631801632', 'fanch.cotton@orange.fr'),
(7, 4, 'Mr', 'EVEN', 'J Raymond', '0660970565', 'raymondeven@orange.fr'),
(8, 4, 'Mr', 'FAVENNEC', 'J Joël', '0647080553', 'joelfavennec@orange.fr'),
(9, 4, 'Mr', 'GUIFFES', 'N Laurent', '0620131882', 'laurent.guiffes0011@orange.fr'),
(10, 4, 'Mr', 'LE CAROFF', 'J Stéphane', '0650815277', 'lecaroff.iceman@gmail.com'),
(11, 4, 'Mr', 'LE HO', 'N Joël', '0607572970', 'lehojoel@wanadoo.fr'),
(13, 4, 'Mr', 'LE SAUX', 'J Jean-Yves', '0688420120', 'lesaux.jeanyves@wanadoo.fr'),
(14, 4, 'Mr', 'MAZEAS', 'J Henri', '0689685078', 'henry.mazeas@libertysurf.fr'),
(16, 4, 'Mr', 'MORVAN', 'N Christophe', '0682512284', 'bidibulmo@yahoo.fr'),
(17, 4, 'Mr', 'PRIGENT', 'N Frédéric', '0787015711', 'prigentfrederic@msn.com'),
(19, 4, 'Mme', 'SAUSSEREAU', 'N Marie-France', '0648438992', 'manoujys@gmail.com'),
(22, 4, 'Mr', 'SUREAU', 'Y François', '0628066781', 'f.sureau@gmail.com'),
(23, 4, 'Mr', 'Z Chauffeur Bus', 'Z CFTA', '0610845914', ''),
(24, 4, 'Mr', 'Z Taxi', 'Z Taxi', '', ''),
(25, 4, 'Mme', 'RIOU', 'N Katia', '06 25 90 75 62', 'katia.boudouin@orange.fr'),
(27, 4, 'Mr', 'PANN', 'J Didier', '06 22 27 21 29', 'didierpann@sfr.fr'),
(28, 4, 'Mlle', 'LE MEUR', 'J Delphine', '06 37 18 09 39', 'lmdelphine@hotmail.com'),
(29, 4, 'Mme', 'LE FLOCH', 'N Béatrice', '06 66 81 11 00', 'bea5666@gmail.com'),
(30, 4, 'Mme', 'QUINIO', 'J Sophie', '06 74 03 24 48', 'leroux.sophie@orange.fr'),
(32, 4, 'Mr', 'FAVENNEC', 'N David', '0675258293', 'elfave@hotmail.fr'),
(33, 4, 'Mme', 'PONTHOU', 'J Nathalie', '06 15 25 48 08', 'nathalie.ponthou@orange.fr'),
(34, 4, 'Mr', 'PERES', 'N Dan', '06 82 46 91 90', 'peres.d@wanadoo.fr'),
(35, 4, 'Mr', 'LE SAUX', 'N Nicolas', '06 74 28 61 03', 'nicolesaux@yahoo.com'),
(36, 4, 'Mr', 'BRENOT', 'N Stéphane', '06 42 00 12 52', 'stephane.brenot@gmail.com'),
(37, 4, 'Mr', 'AUDIN', 'J Frédéric', '06 64 64 41 76', 'trevourec@gmail.com'),
(38, 4, 'Mr', 'MAZEAS', 'N Johann', '06 79 05 35 46', 'jmazeas56@orange.fr');

-- --------------------------------------------------------

--
-- Structure de la table `people_type`
--

CREATE TABLE IF NOT EXISTS `people_type` (
  `id` int(11) NOT NULL AUTO_INCREMENT,
  `type` varchar(45) COLLATE latin1_general_ci DEFAULT NULL,
  `comments` varchar(200) COLLATE latin1_general_ci DEFAULT NULL,
  PRIMARY KEY (`id`)
) ENGINE=InnoDB  DEFAULT CHARSET=latin1 COLLATE=latin1_general_ci AUTO_INCREMENT=17 ;

--
-- Contenu de la table `people_type`
--

INSERT INTO `people_type` (`id`, `type`, `comments`) VALUES
(2, 'ARTISTE', NULL),
(3, 'BENEVOLE VC', NULL),
(4, 'CHAUFFEUR', NULL),
(5, 'DECORATEUR', NULL),
(6, 'INVITE', NULL),
(7, 'JOURNALISTE', NULL),
(8, 'JURY JEUNES CHARRUES', NULL),
(9, 'MUSICIEN', NULL),
(10, 'PERSONNEL VC', NULL),
(11, 'PRODUCTION ARTISTE', NULL),
(12, 'TECHNICIEN', NULL),
(13, 'TOURNEUR', NULL),
(14, 'REGISSEUR', NULL),
(15, 'CHAUFFEUR BUS ARTISTE', NULL),
(16, 'AUTRE', NULL);

-- --------------------------------------------------------

--
-- Structure de la table `run`
--

CREATE TABLE IF NOT EXISTS `run` (
  `id` int(11) NOT NULL AUTO_INCREMENT,
  `id_run_type` int(11) DEFAULT NULL,
  `id_company` int(11) DEFAULT NULL,
  `id_band` int(11) DEFAULT NULL,
  `nb_people` int(11) DEFAULT NULL,
  `status` tinyint(1) NOT NULL,
  `calle` tinyint(1) DEFAULT '0',
  `comments` varchar(2000) COLLATE latin1_general_ci DEFAULT NULL,
  PRIMARY KEY (`id`,`status`),
  UNIQUE KEY `id_UNIQUE` (`id`),
  KEY `fk_Run_Band1_idx` (`id_band`),
  KEY `fk_Run_Run_type1_idx` (`id_run_type`),
  KEY `fk_Run_Company1_idx` (`id_company`)
) ENGINE=InnoDB  DEFAULT CHARSET=latin1 COLLATE=latin1_general_ci AUTO_INCREMENT=220 ;

--
-- Contenu de la table `run`
--

INSERT INTO `run` (`id`, `id_run_type`, `id_company`, `id_band`, `nb_people`, `status`, `calle`, `comments`) VALUES
(1, 1, 3, 3, 11, 1, 1, 'Prendre 11 personnes à l''hôtel et les déposer aux loges Glenmor'),
(2, 1, 3, 3, 2, 1, 1, 'Prendre Manu Chao à l''hôtel et le déposer aux loges de Glenmor directement. rendez vous a 14h pour partir de l''hotel.'),
(4, 1, 3, 4, 2, 1, 1, 'Christel MARTINET + Luc BARRUET\r\nGare de Carhaix -> Noz Vad  -> site - Train arrive à 14:35'),
(5, 1, 3, 4, 1, 1, 1, '14/07 02:45 Christel MARTINET Site -> Noz Vad'),
(6, 1, 3, 41, 1, 1, 1, 'Prendre Benjamin Rittner (+33 (0)1 53 36 85 03) a la gare de guingamp  au train a 13h45 le samedi 15 et venir sur le site.'),
(7, 1, 3, 7, 1, 1, 1, 'J13 : prendre Madje Malki (06 07 04 25 78) a l''hotel Oceania brest centre à 16h et venir sur site (Ingenieur son)'),
(8, 1, 3, 9, 1, 1, 1, 'Arrivée de la chanteuse à la gare de Guingamp à 15h30 - (Ines 06 58 01 73 46)\r\nne pas trop trainer, son concert est a 18h10 (elle a le temps, mais le temps d’être tranquille)'),
(9, 1, 3, 27, 2, 1, 1, 'Transfert de 2 personnes du Noz Vad à la gare de Quimper pour départ train à 12:35 ( SAM & JB 06 03 20 57 32)\r\nRendez-vous à 11:15 au Noz Vad'),
(11, 1, 3, 10, 1, 1, 1, '1 personne qui arrivera à 15:30 à Guingamp puis venir sur site (Yann NEDELEC)\r\nMutualisé avec Otzeki et Feder'),
(12, 1, 3, 10, 2, 1, 1, '2 personnes (Kolia RUSTIN et Jason MEDEIROS) arriveront en gare de Guingamp à 17h30. Kolia déposera en vitesse ses affaires à l''hotel de l''arrivée en face et ils fileront tous les 2 sur site.'),
(13, 1, 3, 10, 1, 1, 1, 'Kolia : Transfert site -> Hotel arrivée'),
(14, 1, 3, 12, 3, 1, 1, 'Otzeki : Arrivée de Nicolas Jammas à gare de guingamp le 13/07 à 15:30 -> site (06 83 71 75 66)\r\nMutualisé avec :\r\n     - FEDER : 13/07 : Transfert de 1 pers. (Tommy) de Gare de Guingamp - Train arrive à 15:30\r\n     - JUSTICE : babysiter de la fille de Xavier de Rosnay (chanteur) a 15h30 a la gare de guingamp - Elisabeth LELEUP : 07 85 63 43 62\r\nNE PAS CHANGER LES CHAUFFEURS CAR LEURS COORDONNEES ONT ETE COMMUNIQUEES A LA PROD DE FEDER'),
(16, 1, 3, 11, 3, 1, 1, '[Babeth] 13/07 : Transfert de 3 pers. (Nico + Franz + Theo) de Aéroport de Brest vers Grall - Vol HOP A55360 en provenance d''Orly à 08:10\r\nNE PAS CHANGER LES CHAUFFEURS CAR LEURS COORDONNEES ONT ETE COMMUNIQUEES A LA PROD'),
(17, 1, 3, 11, 1, 1, 1, '13/07 : Transfert de 1 pers. (Tommy) de Gare de Guingamp - Train arrive à 15:30\r\nMutualisé avec Otzeki et Alltta'),
(18, 1, 3, 11, 5, 1, 1, '[Babeth] 13/07 : Transfert de 5 pers. (Hadrien + Simon + Florie + Michel + Sylvianne) de Aéroport de Brest vers Hotel Brest puis départ 18:00 pour scène Grall - Vol AF7738 en provenance d''Orly à 16:15\r\nNE PAS CHANGER LES CHAUFFEURS CAR LEURS COORDONNEES ONT ETE COMMUNIQUEES A LA PROD'),
(19, 1, 3, 12, 6, 1, 1, 'Transfert site -> hôtel Guingamp (brit armor) pour 6 personnes + gros synthé + bagages (prévoir un 9 places)'),
(20, 1, 3, 11, 9, 1, 1, '[ecky] : Précisions: éclatement du run en 2\r\n  run 1 : prendre 3 à 4 personnes (les parents) à 23:30\r\n  run 2 : prendre le rest à partir de 1:30\r\nAfter show (horaire à confirmer) : transfert de 9 personnes de Grall vers hotel\r\nNE PAS CHANGER LES CHAUFFEURS CAR LEURS COORDONNEES ONT ETE COMMUNIQUEES A LA PROD'),
(21, 1, 3, 50, 5, 1, 1, ' Pick up de 5 pers. à hôtel oceania brest centre a 12h30 pour transfert sur site (oceania rue de Siam)'),
(22, 1, 3, 50, 5, 1, 1, 'retour de 5 pers. à hôtel a saint Brieuc - hotel novotel saint brieuc'),
(23, 1, 3, 16, 13, 1, 1, '13/07 : Arrivée de 13 personnes ( + bagages et gros instruments ) à gare de Guingamp à 15h30\r\nPrévoir deux travellers plus une 5008'),
(24, 1, 3, 16, 13, 1, 1, '[ecky] Précision: éclatement du run en trois runs:\r\n 1er run à 23:45 1 personne dans le 5008\r\n 2eme run à 1h00 7 personnes dans un des Traveller + boxer pour les bagages (conduit par J. Mazéas)\r\n 3èmè run à 1h40 5 personnes dans l''autre Traveller.\r\n\r\n[Babeth] After Show : transfert de 13 personnes ( + bagages et gros instruments ) à Hôtel Ibis Lorient Gare\r\nPrévoir deux travellers plus une 5008\r\n'),
(26, 1, 3, 41, 13, 1, 1, 'Aller chercher l''équipe technique à hôtel de l''Arrivée à 12h15 ( 13 pers.)\r\n[ecky] : malgré d''un appel à l''hôtel le nombre de personnes présents n''était pas identifiable. Compte tenu que nous avons amené uniquement 7 personnes nous avons décidé d''envoyer uniquement un véhicule pour chercher des personnes présents à l''hôtel - quitte à envoyer le deuxième véhicule plus tard.'),
(27, 1, 3, 41, 5, 1, 1, 'Arrivée de Kery James + 4 personnes à gare de Guingamp à 17h35\r\ntransferer sur site'),
(28, 1, 3, 25, 4, 1, 1, 'Jeudi 13/07 à 23:30 : transfert de 4 personnes de Gare de Guingamp au site (TGV 8655) - Contact : Olivier 06 61 70 77 14'),
(30, 1, 3, 25, 2, 1, 1, '[Babeth] Samedi 15/07 :    transfert de 2 personnes de l''Hôtel Noz Vad à la gare de Guingamp - départ à 12:20 pour train à 13:24 (TGV 8622) - Contact : Olivier 06 61 70 77 14'),
(31, 1, 3, 41, 5, 1, 1, 'Transfert site-hôtel pour Kery James + 4 personnes à 22h45\r\nHotel Ibis Guingamp -Horaire  a confirmer sur place'),
(32, 1, 3, 25, 1, 1, 1, '[Babeth] Samedi 15/07 :    transfert d''une personne de l''Hôtel Noz Vad à la gare de Guingamp - départ à 05:20 pour train à 06:22 (TGV 8602) - Clem 06 32 68 19 87'),
(33, 1, 3, 41, 7, 1, 1, 'racompagner au moins 3 techniciens a l’hôtel de l''arrivée à guingamp.\r\nIls ont rendez-vous devant notre algeco.\r\nIl y a en fait 10 techniciens a ramener en 2 voyages - autre run pour l''autre voyage - prendre un 9 places)'),
(34, 1, 3, 41, 7, 1, 1, 'raccompagner les techniciens qui restent a l''hotel de l''arrivée a guingamp\r\nIl y a en fait 13 techniciens a ramener en 2 voyages - autre run pour l''autre voyage plus tot - prendre un 9 places\r\nIls ont rendez-vous à notre algeco'),
(35, 1, 3, 4, 3, 1, 1, 'Justice : un membre du groupe + un chauffeur de tourbus (Loïc Méhaignerie)\r\nMutualisé avec Naive New Beaters : Laurie Autret de Wart ( tourneur Naive New Beaters, Comah, Acid Arab,.. ) arrive à Guingamp à 15h30 jeudi 13/07.\r\nprendre au train de 15H30 pour venir sur site'),
(36, 1, 3, 31, 1, 1, 1, 'Bojan arrive a la gare de Guingamp a 10h30. un chauffeur l''attend et retourne sur le site.\r\n(belle voiture)\r\nBojan Z : 0615382758\r\nEt Aude (chargée de prod sur ce groupe) : 0638760725'),
(37, 1, 3, 31, 1, 1, 1, 'On va chercher Erik Marchand a Poullaouen pour 12h00 et on va sur le site.\r\n\r\nLa petite maison au bout du chemin du "village" RESPARKOU  sur la commune de Poullaouen. \r\nSon telephone est 06 08 26 42 24'),
(38, 1, 3, 31, 1, 1, 1, 'Bojan a un train a 20h22 a la gare de Guingamp. on le prend dans les loges Gwernig 19h00 (19h15 au plus tard) '),
(39, 1, 3, 31, 1, 1, 1, 'A 22h30 on prend Erik dans les loges et on le depose a Poullaouen chez lui.\r\nLa petite maison au bout du chemin du "village" RESPARKOU  sur la commune de Poullaouen. \r\nSon telephone est 06 08 26 42 24'),
(40, 1, 3, 17, 2, 1, 1, 'train arrive a Gare de GUINGAMP à 12:31(en provenance de Rennes) >> Festival =  2 pers / 1 voiture\r\nContacts : Laurent CASTANIÉ 06 74 79 35 47 + Olivier GARNIER  06 80 87 87 40 '),
(41, 1, 3, 17, 2, 1, 1, 'After show (dans la soirée à caler avec Laurent) :  Festival >> Hotel IBIS GUINGAMP 6 Rue de la Chesnaie = 2 pers\r\nContacts : Laurent CASTANIÉ 06 74 79 35 47 + Olivier GARNIER  06 80 87 87 40 '),
(42, 1, 3, 24, 3, 1, 1, 'Retour à l’hotel (Noz Vad) à 00h00 le 14 après le meet and greet de kungs.\r\nEmilie + Lenny + Julien de chez Live Nation qui gèrera Kungs'),
(43, 1, 3, 24, 1, 1, 1, 'Prendre Emilie de Live Nation à l''hôtel Noz Vad et dépose en gare de Guingamp (départ du train à 10h le 15 juillet).'),
(44, 1, 3, 3, 4, 1, 1, 'Prendre 3 personnes dont Virginie HAYE - Mobile + 33 6 08 84 13 98 vers site \r\n + Estelle Rivet (Europe 1) à gare de Guingamp à 10h30, Transfert sur site\r\nFait parti de Europe1'),
(45, 1, 3, 40, 1, 1, 1, 'Laurie Autret de Wart ( tourneur Naive New Beaters, Comah, Acid Arab,.. ) arrive à Guingamp à 15h30 jeudi 13/07\r\nMUTUALISE AVEC JUSTICE'),
(46, 1, 3, 21, 4, 1, 1, '3 personnes (anglophones) à déposer à Lorient gare - Train à 19:17 - Les prendre à 18:00 à Kerouac\r\n+1 personne a deposer a l''hotel IBIS caudan au retour.'),
(47, 1, 3, 21, 2, 1, 1, '2 personnes à déposer à l''hôtel (Ibis Lorient Caudan)'),
(48, 1, 3, 4, 1, 1, 1, 'ramener Piet Maesschalck a la gare de Guingamp le vendredi matin (tot) pour un train a 6h22\r\nContacts : Piet Maesschalck (tourman) - piet.maesschalck@lobbycall.com - +32 473 65 33 95'),
(49, 1, 3, 75, 4, 1, 1, 'Transfert de Emilie Mazoyer, Roman Dordor, Estelle Rivet et Clemence Leporcq à gare de Guingamp pour départ train à 19h26\r\nEmilie Mazoyer et Roman Dordor => Noz Vad\r\nEstelle Rivet et Clemence Leporcq chez l''habitant (adresse a confirmer)\r\nRun cree pour ne pas oublier mais scenario a confirmer\r\n[ecky 17:45] parlé avec François - run annulé'),
(50, 1, 3, 75, 1, 1, 1, 'VANESSA SALINIE arrive vendredi 14 juillet à la gare de Guingamp à 17h30 pour un transfert sur site\r\ndéposer Vanessa au stand invité au dessus de l''espace glenmore pour qu''elle récupérè son bracelet.\r\nA MUTUALISER AVEC Die Antwoord'),
(51, 1, 3, 22, 12, 1, 1, '[Babeth] Arrivée de 9/11 personnes à gare de Guingamp à 12h31 + 1 pers à 12:41. Il est possible que certains décident de rester à l''hôtel (Brit Armor) mais on ne sait pas combien donc prévoir assez de place pour transfert de 12 personnes sur site. Si certains restent, nous dire combien pour prévoir un run qui les prendra à 16:00 à l''hôtel'),
(53, 1, 3, 11, 2, 1, 1, '13/07 14:00 : transfert Grall -> Noz Vad pour Franz & Fabien'),
(54, 1, 3, 11, 2, 1, 1, '13/07 19:00 : transfert Noz Vad -> Grall pour Franz & Fabien'),
(55, 1, 3, 11, 2, 1, 1, 'After show (horaire à confirmer) :  transfert Grall -> Noz Vad pour Franz & Fabien'),
(57, 1, 3, 17, 1, 1, 1, '08:30 : NOZ VAD >> Festival =  prendre Kta pour l''amener sur site\r\nKTA = 06 82 55 14 02'),
(58, 1, 3, 17, 1, 1, 1, 'KTA = 06 82 55 14 02\r\nvers minuit prendre KTA a la scene glenmor et le ramener au noz vad\r\nAnnulé'),
(62, 1, 3, 3, 12, 1, 1, 'Prendre 12 personnes aux loges Glenmor et les déposer à l''hôtel\r\nBEAUCOUP DE BAGAGES !!!'),
(63, 1, 3, 7, 1, 1, 1, 'Un des 2 artistes doit venir du Noz Vad vers le festival avec le management , avec leur voiture (la Audi A3)\r\nmais j’ai peur qu’ils se perdent sur les accès barrés … donc je serais rassuré qu’un de tes runners soit a l’hotel a 8h et les escorte jusqu’au festival … (je peux même te mettre quelqu’un de l’équipe PNL dans le run pour aider si besoin)\r\nLE NOZ VAD APPELERA QUAND ILS SERONT AU PETIT DEJ !!!'),
(64, 1, 3, 6, 1, 1, 1, '13/07 aller chercher Pierre Olivier Toutblanc a la gare de carhaix a 14h35 (train numero 21001) (06 30 49 80 64)'),
(65, 1, 3, 20, 3, 1, 1, 'prendre Pascal "Koko" et Bertrand + femme de Bertrand a la gare de Guingamp au train de 17H30 et les amener sur site.  (pascal = 06 13 61 26 74)\r\nMUTUALISER AVEC "AUTRE"'),
(66, 1, 3, 20, 2, 1, 1, 'Amener Pascal KOKO a l''hotel ibis Guingamp.\r\nPrendre aussi Marion de faada freddy (0671572725) et la déposer à l''hotel de l''arrivée.\r\nIl se présentera à notre algeco directement.'),
(67, 1, 3, 29, 1, 1, 1, 'racompagner Choukri a son hotel a Guingamp (Brit Armor - code 1617A)\r\n\r\nChoukri : 06 21 04 30 52'),
(70, 1, 3, 19, 1, 1, 1, '2h après show pour ramener Pierre Alexandre MARIE a l’hôtel de l''arrivée (vers 2h du matin) (06 23 12 25 08)'),
(72, 1, 3, 4, 1, 1, 1, 'prendre la babysiter de la fille de Xavier de Rosnay (chanteur) a 15h30 a la gare de guingamp\r\nElisabeth LELEUP : 07 85 63 43 62\r\nMUTUALISE AVEC OTZEKI ET FEDER'),
(73, 1, 3, 30, 1, 1, 1, '1 chauffeur à emmener à l''hotel noz Vad vers 13h15/30\r\n Cyril Vanes au 06.98.19.48.81'),
(75, 1, 3, 30, 2, 1, 1, '[run cree] On récupère les 2 chauffeurs vers 2h15 au noz vad et on les amene a leur camion a GRALL\r\nCyril Vanes au 06.98.19.48.81 et Gilles MIOT '),
(76, 1, 3, 4, 3, 1, 1, 'Aller récupérer l''artiste de Justice a Vannes pour 14h50 (Xavier de Rosnay)\r\nRDV sur le parking devant l''hôtel Mercure\r\nPrendre le réhausseur (enfant de 5 ans)'),
(77, 1, 3, 2, 1, 1, 1, 'prendre boby Allain a la gare de Guingamp pour l''amener sur site (06 37 63 66 38)'),
(78, 1, 3, 2, 1, 1, 1, 'Amener boby Allain a l''hotel mercure de Quimper (06 37 63 66 38)'),
(79, 1, 3, 24, 1, 1, 1, 'prendre le trompettiste du groupe (Valentin Pellet) a la gare de guingamp a 19h30 pour l''amener sur site'),
(80, 1, 3, 6, 1, 1, 1, 'Récupérer les vêtements au pressing.\r\nPrendre l''argent pour pouvoir payer (voir avec François)'),
(81, 1, 3, 72, 7, 1, 1, ' 7 personnes + bagages et 3 guitares + clavier  / Train 8615 Paris Mont 11h56 - Guingamp 14h34'),
(82, 1, 3, 4, 2, 1, 1, 'Prendre Christel Martinet et Luc Barruet au Noz Vad et les déposer à la gare de Guingamp .\r\nDépart du train à 10:18'),
(83, 1, 3, 7, 2, 1, 1, 'Prendre deux personnes du groupe PNL pour de room au Noz Vad \r\nRetour à confirmer au runner'),
(84, 1, 3, 7, 2, 1, 1, 'Récupérer deux personnes du groupe PNL pour retour site. \r\nPS : Faire un détour par pharmacie de garde (Briand à Kerven ) avant retour site. '),
(85, 1, 3, 11, 9, 1, 1, 'Prendre 9 personnes du groupe FEDER à la scène Grall pour transfert catering artiste scène 1.\r\n'),
(86, 1, 3, 49, 1, 1, 1, 'ramener Keyvan Chemirani a sont hotel (Oceania aeroport) : horaire a confirmer'),
(87, 1, 3, 2, 10, 1, 1, 'Matthieu Chedid monte sur scène avec DELUXE. Prévoir un chauffeur en bas de la scène 1 portes ouvertes pour le récupérer et le transférer sur la scène 2. Concert à 19h40. '),
(88, 1, 3, 75, 1, 1, 1, 'Prendre Sofiene Bijaoui à la gare de guingamp pour un transfert sur site '),
(89, 1, 3, 21, 4, 1, 1, 'Prendre 4 PERSONNES DE THE SOCIAL CELTIC CLUB POUR UN TRANSFERT SITE ( scène 2) '),
(90, 1, 3, 75, 1, 1, 1, 'Prendre Laurent Delpech (Europe 1) au Noz Vad et le déposer à la gare de Guingamp.\r\nTrain à 8h22.\r\nLe tel de Laurent Delpech : 06 08 74 05 94'),
(91, 1, 3, 24, 1, 1, 1, 'Arrivée de Julien ( régisseur pour Live Nation ) à gare de Guingamp à 21h34 pour un transfert sur site.\r\nA l''aller, prendre Gérald (0783538065) et le déposer à l''hôtel de l''arrivée il sera à 20:15 à l''algeco'),
(92, 1, 3, 7, 6, 1, 1, 'Chercher 6 personnes du groupe PNL au Noz-Vad et les amener sur site (scène Kerouac).'),
(93, 1, 3, 67, 5, 1, 1, 'Audrey  Chouikh arrive avec 3 personnes (4 en tout) à la gare de Guingamp le Vendredi 14 juillet à 15H45. on vous récupère direction le site du festival.'),
(94, 1, 3, 67, 8, 1, 1, '8 personnes arrivent a 12h421 le dimanche 16 à la gare de Guingamp et ils vont a l’hôtel de l''arrivée qui est juste en face de la gare. on récupère les 8 personnes à 14h45 à l’hôtel de l''Arrivée direction le site du festival.'),
(95, 1, 3, 67, 4, 1, 1, 'Apres le show vers minuit on raccompagne les 4 personnes a l’hôtel. preciser l''horaire sur place'),
(96, 1, 3, 7, 2, 1, 1, 'Chercher deux personnes du groupe PNL au Noz vad pour les amener sur site (scène Kerouac).'),
(97, 1, 3, 2, 7, 1, 1, 'Chercher 6 à 7 personnes à la scène GLENMORE du groupe DELUXE pour les amener sur la scène KEROUAC.'),
(98, 1, 3, 2, 7, 1, 1, 'chercher 6 ou 7 personnes du groupe DELUXE à Kerouac et les amener à la scène Glenmore'),
(99, 1, 3, 7, 1, 1, 1, 'Prendre une personne de PNL à la scène KEROUAC pour faire un petit stop au Catering Artistes et ensuite l''amener au Noz Vad.'),
(100, 1, 3, 6, 15, 1, 1, 'Amener 15 personnes de M de la scène Kerouac au Catering Artistes pour manger.'),
(101, 1, 3, 11, 5, 1, 1, 'Chercher min 5 personnes du groupe FEDER au catering artistes pour les amener à leur scène Grall'),
(102, 1, 3, 7, 2, 1, 1, 'chercher deux personnes du groupe PNL au Noz Vad pour les amener sur scène Kerouac. ATTENTION être à l''heure voir en avance leur prestation commence juste après!!!'),
(103, 1, 3, 2, 2, 1, 1, 'chercher deux chauffeurs de DELUXE au Noz Vad pour les amener sur site.'),
(104, 1, 3, 16, 1, 1, 1, 'Suivre S. Brénot qui prend 7 personnes.'),
(105, 1, 3, 18, 1, 1, 1, 'Prendre Madje (ingé son) au Noz Vad et le déposer à Glenmor'),
(106, 1, 3, 48, 2, 1, 1, '15 Juillet: Arrivée à Brest à 17h50 // Vol AF 7738 - attention ils ont de la promo calée dès 19h30 // je les attendrai ou le bénévole si je ne peux pas directement à l’espace presse pour leur remettre leurs pass etc - Charly et Maxime - [ecky 9h15] Vu avec Toni, c''est le manager qui transmettra les passes. '),
(108, 1, 3, 27, 1, 1, 1, 'Prendre le chauffeur du groupe GEORGIO au Noz vad pour le déposer à la scène Grall.\r\nFaire le run ensemble avec Stéphane afin de visiter les points les plus importants de Carhaix (Pressing, Tabac, Station essence, Noz Vad, Diwan, et autres) ainsi que les axes principales pour aller à Guingamp, Morlaix, Brest, Lorient etc).'),
(109, 1, 3, 26, 1, 1, 1, 'Déposer Benoit ( 06-33-42-86-63) le chauffeur du bus à l''hotel Noz Vad. pour de room. Il vient au bureau. Contact groupe Coline ( 06-62-39-56-19) et faire le plain du véhicule'),
(110, 1, 3, 26, 1, 1, 1, 'RAMENER BENOIT (06-33-42-86-63) le chauffeur du bus à la scène Grall. Contact groupe si problème Coline ( 06-62-39-56-19). '),
(111, 1, 3, 22, 1, 1, 1, 'FAADA FREDDY a loupé son train. Il arrive donc a 14H34 (ou 14H43 ?).\r\nle recuperer et l''amener sur site.'),
(112, 1, 3, 24, 1, 1, 1, 'Prendre une personne du groupe KUNGS à 15h00 à la scène KEROUAC pour la déposer à la gare de Carhaix pour un train à 16h05.'),
(113, 1, 3, 27, 3, 1, 1, 'Amener trois personnes du groupe GEORGIO de la scène Grall à l''espace presse pour un interview'),
(114, 1, 3, 27, 3, 1, 1, 'Chercher les trois personnes du groupe GEORGIO après leur interview à l''espace presse pour les amener à la scène Grall.'),
(115, 1, 3, 59, 1, 1, 1, 'Prendre Mathilde de MIALA a la gare de Carhaix a 20H41 et l''amener sur site\r\nMathilde : 06 69 47 36 85'),
(116, 1, 3, 59, 1, 0, 1, 'prendre Mathilde (06 69 47 36 85)au noz Vad a 7h50 pour la déposer a la gare de Carhaix pour son train a 9h\r\n'),
(117, 1, 3, 29, 14, 1, 1, 'Amener 14 personnes du groupe VINTAGE TROUBLE de la scène Grall pour manger au catering.\r\n--> encore choux blanc!!! il n''y avait personne ou elles n''étaient pas pret.'),
(118, 1, 3, 22, 5, 1, 1, '[Babeth] Transfert de 12 personnes du site à hôtel Brit Armor - Run à caler pour 21:30 mais il est probable que ce soit plus tard et que le run soit divisé en deux ! En attente d''infos complémentaires de la part de Jean-Marc 06 26 87 27 18\r\n[ecky] Après discussion avec les chauffeurs qui ont fait l''aller il vaut mieux prévoir trois véhicules à cause des baggages (personne n''est passe à l''hotel en arrivant pour déposer des affaires)\r\nContact : Jean-Marc Poignon - 06 26 87 27 18\r\nDépart en deux temps : Nico et Dan entre 23:00 et 00:00\r\nIls ne sont finalement que 5 à partir : 1 avec Nico et 4 avec Dan'),
(119, 1, 3, 23, 2, 1, 1, 'Amener deux personnes du groupe MHD de la scène Kerouac au Noz Vad. L''une d''entre elles prends une douche, il faut l''attendre pour la ramener sur site après.'),
(120, 1, 3, 45, 1, 1, 1, 'Arrivée en gare de Carhaix le samedi 15 juillet à 15h44 de Benoit Joubert (06 84 43 57 61) a amener sur le site'),
(121, 1, 3, 45, 1, 1, 1, 'retour du site a l’hôtel de l''arrivée (Benoit Joubert 06 84 43 57 61) - horaire a preciser'),
(122, 1, 3, 23, 8, 1, 1, 'Chercher la personne de MHD qui a fait la sieste pour la ramener sur site (scène Kerouac).'),
(123, 1, 3, 19, 1, 1, 1, 'Chercher le producteur CORRIDA de Phoenix entre autres pour l''amener sur site'),
(124, 1, 3, 23, 4, 1, 1, 'Amener 4 personnes costaudes du groupe MHD de la scène Kerouac à l''hôtel Noz Vad.'),
(125, 1, 3, 18, 1, 1, 1, 'Demande d''une voiture poisson pour ouvrir la marche pour le tourbus de RENAUD au départ du site jusqu''au rond-point aux drapeaux. Horaire entre 21h00 et 21h45 encore à confirmer.'),
(126, 1, 3, 23, 1, 1, 1, 'Amener une fille de MHD de la scène Kerouac au Noz Vad.'),
(127, 1, 3, 28, 6, 1, 1, 'Prendre le groupe à GRall et les déposer chez eux : c''est à Cléden Poher, chez eux.'),
(128, 1, 3, 28, 9, 1, 1, 'Prendre le groupe à sa sortie de scène pour manger (l''horaire est serré pour eux car fin de service au catering)'),
(129, 1, 3, 48, 5, 1, 1, 'Run pour Morgan Dreux + l’éclairagiste + manageur pour un vol à 06h15 à Brest\r\nPuis déposer les deux derniers à l''hôtel (Charly et Maxime)\r\nMorgan : 06 88 39 56 62'),
(130, 1, 3, 42, 7, 1, 1, 'July 15th          11:35 Brest Airport\r\nArriving off AF1135 from Paris CDG\r\n7 x passengers – airport to SITE\r\n1 x 8 passenger van, 1 x luggage van (6 flightcases and 7 suitcases)\r\ntel: +447855662096 Pat Briscoe'),
(131, 1, 3, 42, 8, 1, 1, 'July 15th          17:50 Brest Airport\r\nArriving off AF1135 from Paris CDG\r\n8 x passengers – airport to SITE\r\n1 x 8 passenger van, 1 x luggage van ,1 x S class mercedes\r\ntel: +44 7850 228820 Mark Dempsey'),
(132, 1, 3, 24, 2, 1, 1, 'Run dînatoire'),
(133, 1, 3, 19, 1, 1, 1, 'Sofiene Bijaoui (0614475003) rentre a l’hôtel à Quimper\r\n'),
(134, 1, 3, 43, 2, 1, 1, 'Prendre Martin (0781163052) + 1 personne à l''algeco et les déposer à leur AirBnB\r\nAdresse - 6 rue KERVULUET\r\n22340 LE MOUSTOIR'),
(135, 1, 3, 43, 2, 1, 1, 'Prendre Martin (0781163052) + 1 personne à leur AirBnB et les déposer  à l''algeco\r\nAdresse - 6 rue KERVULUET\r\n22340 LE MOUSTOIR'),
(136, 1, 3, 42, 1, 1, 1, 'Prendre Julien au Noz Vad et le déposer Scène 2'),
(137, 1, 3, 62, 6, 1, 1, 'pickup 8h00 hotel avec 1 van 9 places pour les crew (6) + Antoine = 7\r\nantoine : 06 81 62 94 79'),
(138, 1, 3, 62, 10, 1, 1, 'Chercher les 10 personnes du groupe à 9h45 à l''hôtel pour les amener sur site'),
(139, 1, 3, 62, 6, 1, 1, 'pickup 16h30 hotel avec 1 van 9 places pour les crews (6 personnes)\r\na reconfirmer le jour J si on annule. ca depend si le run de 12H30 est annulé. (si il ne sont pas retourné a l’hôtel)'),
(140, 1, 3, 62, 10, 1, 1, 'Chercher le groupe à 17h00 à l''hôtel Continental à Brest avec 2 van 9 places (10 personnes)'),
(141, 1, 3, 62, 11, 1, 1, 'after show retour a 21h30 pour le band avec 2 vans (10 personnes)'),
(142, 1, 3, 75, 2, 1, 1, 'PRENDRE DEUX PERSONNES A GWERNIG POUR TRANSFERT SUR ROSTRENEN '),
(143, 1, 3, 62, 7, 1, 1, 'after show retour entre 22h30 et 23h00 pour le crew avec 1 vans (6 + 1 personnes) '),
(144, 1, 3, 62, 4, 1, 1, 'Pickup de paolo conte lui meme a hotel à 15h30 direction le site du festival (Artiste + management = 4 personnes)\r\nPrendre un pass tout accès véhicule artiste pour le remettre au producteur qui a sa voiture sur place.\r\nBien vérifier qu''il vous suit sur la route du retour.'),
(145, 1, 3, 62, 4, 1, 1, 'Retour a l''aéroport a 21h15 (max) pour le vol privé de 22h30.\r\nContacter l''aeroport quand vous êtes a 15 minutes, qu''ils vous attendent pour vite le faire décoller. (02 98 32 86 49)\r\nvol prevu normalement a 22h30'),
(146, 1, 3, 20, 2, 1, 1, 'Deux personnes du groupe dont Bertrand ( 06 /25 /72 / 56 /60) devant le bureau pour transfert vers le Noz Vad. '),
(147, 1, 3, 62, 2, 1, 1, 'Accompagner le chauffeur du camion de Paolo Conte à l''hotel continental.'),
(148, 1, 3, 62, 6, 1, 1, 'retour a l''hotel de 6 personnes au continental (crew)\r\n a confirmer le jour J si annulé'),
(149, 1, 3, 62, 10, 1, 1, 'retour au continental des 10 personnes du band '),
(150, 1, 3, 62, 1, 1, 1, 'ramener le prod man (antoine) a l''hotel continental - part en même temps que le crew after show .'),
(151, 1, 3, 27, 1, 1, 1, 'Prendre Greg ( 06-61-46-34-14) à 10 heure au Noz Vad pour un transfert sur site. '),
(152, 1, 3, 57, 5, 1, 1, 'dimanche 16 :  BREST > CARHAIX\r\n    - 1 personne : 10h40 - rdv : 2 rue Michelet Brest (c/o : 06 13 55 26 98)\r\n    - 4 personnes : 10h45 - rdv Hotel Vauban, 17 Bd Clemenceau '),
(153, 1, 3, 59, 3, 1, 1, 'prendre 3 personnes dans un VAN a l''hotel mercure Quimper et venir sur le site (artiste)'),
(154, 1, 3, 59, 5, 1, 1, 'prendre 5 personnes dans 1 VAN a l''hotel mercure de Quimper pour venir sur le site (artiste)\r\nJulie : 06 25 16 23 03'),
(155, 1, 3, 59, 8, 1, 1, 'avec 2 VANS ramener toute l''equipe a l''hotel mercure de Quimper'),
(156, 1, 3, 61, 1, 1, 1, 'Arrivée du Sondier (Freddy Martineau 06 85 81 70 11) a la gare de Guingamp à 13:45 en provenance de Rennes. le transférer sur site'),
(157, 1, 3, 35, 1, 1, 1, 'Amener Camille à l''hôtel Noz Vad'),
(158, 1, 3, 35, 1, 1, 1, 'Chercher Camille au Noz Vad pour la ramener sur site.'),
(159, 1, 3, 75, 1, 1, 1, 'Chercher les affaires déposées ce matin. elles sont dans un sac vert pour les vielles charrues. Prendre l''enveloppe avec le cheque pour le payement et demander une facture pour le nom cité sur l''enveloppe. retourner le tout à Antony (accueil artistes devant la barrière).'),
(160, 1, 3, 48, 2, 1, 1, 'chercher 2 personnes de COMAH LIVE pour les amener à la scène Grall'),
(161, 1, 3, 42, 1, 1, 1, 'Pick up à 21h20 à l''aéroport de Brest\r\nUne personne: Marlon Reinemer\r\nVol AF7374 en provenance d''Orly'),
(162, 1, 3, 42, 2, 1, 1, 'Pick up scène Kerouac\r\n2 personnes: Maya (M.I.A) et Marlon Reinemer\r\nDépart pour l''hôtel Mercure Brest Centre les Voyageurs (2 rue Yves Collet 29200 Brest)\r\nentre 1h30 et 2h30 - horaire a preciser\r\n'),
(163, 1, 3, 39, 1, 1, 1, 'Chercher le chauffeur de VIANNEY (Christian 06 61 48 04 21) au Noz Vad pour l''amener sur site.'),
(164, 1, 3, 46, 4, 1, 1, 'Prendre 4 personnes pour les déposer au Noz Vad. Prévenir s''ils ne sont pas 4 pour qu''on puisse envoyer une deuxième voiture plus tard.'),
(165, 1, 3, 63, 1, 1, 1, 'prendre Julien au Noz Vad a 6h40 car il doit etre sur Site a 7h pour le montage.\r\nJulien Le Gauffey: 06 61 09 84 37'),
(166, 1, 3, 39, 1, 1, 1, 'Prendre une personne à Kerouac et la déposer à la gare (train vers 16:00)'),
(167, 1, 3, 58, 4, 1, 1, 'prendre Macklemore a l''arrivé de son Jet privé et venir sur le site\r\nS''annoncer a l’accueil de l’aéroport quand vous arrivez pour que l''aeroport les dirige vers vous.\r\nPrendre un peu de marge.\r\nTout le monde parle anglais. notion d''anglais apprécié\r\nLe bus CFTA prendra tout le reste du groupe\r\nPrendre un Van 7 places (position réunion)'),
(168, 1, 3, 43, 3, 1, 1, 'Prendre le groupe Colorado à Grall et les déposer à leur AirBnB.\r\nAdresse - KERVULUET\r\n22340 LE MOUSTOIR\r\nContact : Martin (0781163052)'),
(169, 1, 3, 42, 1, 1, 1, 'Prendre une personne à Kerouac et l''amener en ville pour faire des courses'),
(170, 1, 3, 43, 6, 1, 1, 'Prendre les membres du groupe pour les déposer au catering pour le déjeuner'),
(171, 1, 3, 35, 1, 1, 1, 'Prendre 1 personne pour aller avec elle chercher les vêtements déposés ce matin (sac bleu) au pressing et la ramener ensuite.\r\nCette personne doit nous contacter quand elle est prête à y aller.'),
(172, 1, 3, 35, 2, 1, 1, 'Prendre Camille à Glenmor et la déposer à la gare\r\nSi bagages le chauffeur les déposent sur le quai. '),
(173, 1, 3, 42, 2, 1, 1, 'Prendre M.I.A. (+ 1 personne ?) à l''hôtel et la déposer sur site'),
(174, 1, 3, 40, 4, 1, 1, 'Prendre le groupe à la plateforme handicapés devant notre algeco et les déposer à Gwernig.\r\nUne personne de la scène sera à la plateforme pour les prendre en charge.\r\nPrendre un transporter !!!\r\nContact : Stéphane Clévédé (scène Chateau - 06 79 32 56 87)'),
(175, 1, 3, 46, 1, 1, 1, 'Aller chercher le chauffeur du bus de Mome et le déposer à Grall.\r\nPrendre une pancarte sur laquelle est écrit "MOME"'),
(176, 1, 3, 42, 1, 1, 1, 'Prendre 1 homme et le déposer à Kerouac'),
(177, 1, 3, 45, 7, 1, 1, 'Prendre 7 personnes de Clément Bazin à la scène Grall pour les descendre au catering artiste. '),
(178, 1, 3, 63, 10, 1, 1, 'Recuperer 10 personnes a 17h30 a l''oceania Quimper pour un transfert sur le site avec 2 Vans 9 places des vieilles charrues\r\n'),
(179, 1, 3, 63, 10, 1, 1, '10 personnes a la scene glenmore pour un transfert a l''hotel oceania Quimper avec 2 Vans des vieilles charrues.\r\nfin du concert 23h30 - horaire a preciser'),
(180, 1, 3, 48, 1, 1, 1, 'Récupérer les deux bagages perdus du groupe Comah live qui arrive à 22 h30. Le déposer sur la scène 2 avant le show. Se présenter à l''accueil objet perdus avec pancarte charrues. '),
(181, 1, 3, 57, 3, 1, 1, '- demain soir (dimanche) : CARHAIX > BREST\r\n    - 2 ou 3 personnes : 2h -  rdv bungalow runner (c/o : 06 14 90 38 46)\r\nNb : 2 valises "moyennes"\r\n\r\nadresse sur Brest a préciser - horaire a preciser'),
(182, 1, 3, 74, 3, 1, 1, 'prendre 3 personnes au Brit Hotel et les ramener sur site\r\ncontact : lucile = 06 25 91 01 45\r\nAziliz ( 06 85 13 30 40 )  de Poni Hoax profite de ce run pour prendre son train à Guingamp ( train à 21h). Elle vient au bureau pour 18 h 30'),
(183, 1, 3, 74, 3, 1, 1, 'ramener 3 personnes apres show (vers 1h30/2h00) au Brit Hotel\r\ncontact : lucile = 06 25 91 01 45'),
(184, 1, 3, 58, 1, 0, 1, 'Pickup Julien Le Gauffey à hôtel Noz Vad a 9h pour départ train à Guingamp à 10h08 '),
(185, 1, 3, 65, 2, 1, 1, '2 personnes arrivent a Gare de Guingamp a 13h45. les amener sur site\r\nYvan Talbo = 06 70 70 60 25'),
(186, 1, 3, 65, 4, 1, 1, '4 personnes a ramener a l''hotel ibis a 23h00/00:00\r\nYvan Talbot : 06 70 70 60 25\r\nrun décalé à 23h30'),
(187, 1, 3, 59, 2, 0, 1, 'Pick up 2 personnes à l’hotel Noz Vad vers 11h30 pour aller à la Gare de Guingamp (le train part de Guingamp à 13h24 pour info).\r\ncontact : BERTRAND DELASNERIE = 06 25 72 56 60'),
(188, 1, 3, 59, 2, 1, 1, '2 techniciens de C17 (effets spéciaux) qui ont besoin d''un transfert dimanche à 9h de l''hôtel Nos vad au site. '),
(189, 1, 3, 43, 5, 1, 1, 'Chercher 5 personnes de COLORADO au Noz Vad pour les amener sur site (scène Grall). Contact: Jean Annaël 06 74 16 41 39'),
(190, 1, 3, 75, 1, 1, 1, 'Amener le journaliste Steven Bellery (RTL 06 60 37 17 76) de l''hôtel Noz Vad à Landivisiau. Il connait l''endroit à l''arrivée où il faut aller.'),
(191, 1, 3, 75, 4, 1, 1, 'amener 2 personnes (Chevalier et Voisin 06 66 83 03 86) de la Prod de la scène Grall à l''hôtel Noz Vad. + 2 autres personnes'),
(192, 1, 3, 43, 2, 1, 1, 'Prendre le groupe au Noz Vad et le déposer sur site\r\nContact : Martin - 0781163052'),
(193, 1, 3, 75, 6, 1, 1, 'Prendre la fanfare avec les instruments à la scène du Château et les déposer près de leur véhicule au parking prod'),
(194, 1, 3, 66, 1, 1, 1, 'Colin RUSSEIL: 0613591461\r\nSon train arrive à 15h13 à La gare de Quimper. Transfert sur site.\r\n'),
(195, 1, 3, 60, 1, 1, 1, 'Prendre le chauffeur de bus du groupe et le déposer au Noz Vad - Voir avec lui son horaire de retour'),
(196, 1, 3, 59, 7, 1, 1, 'prendre 7 techniciens du groupe DJ SNAKE pour transfert Noz vad '),
(197, 1, 3, 59, 7, 1, 1, 'prendre les 7 techniciens de DJ SNAKE au Noz Vad pour transfert vers scène 1\r\n'),
(198, 1, 3, 59, 7, 0, NULL, 'Récupérer 7 techniciens de DJ SNAKE pour transfert au Noz Vad '),
(201, 1, 3, 59, 1, 1, 1, 'prendre 1 personne (Olivier Moret -)  pour un transfert au Noz Vad après démontage. '),
(202, 1, 3, 59, 2, 0, 1, 'Prendre 2 personnes (dont Olivier Moret - 06 20 62 59 61) pour un transfert à la gare de Guingamp ( train à 11h22)'),
(203, 1, 3, 67, 1, 1, 1, 'Prendre le chanteur du groupe à 18h 00 à son hotel pour transfert scène 3. '),
(204, 1, 3, 59, 2, 1, 1, 'prendre deux personnes du staff après show pour transfert Noz Vad '),
(205, 1, 3, 59, 3, 1, 1, 'prendre deux techniciens de DJ SNAKE pour transfert site, scène 1. \r\n'),
(206, 1, 3, 72, 7, 1, 1, 'ramner 7 personnes de Speed Saravan a l''hotel ibis guingamp\r\nhoraire a confirmer\r\ndépart en deux temps, l''un à 22h00 comme prévu, l''autre une heure et démi plus tard. Le deuxième départ est Nico, car il a son prochain run plus tard que Joël. Il faut donc éventuellement échanger les voitures.'),
(207, 1, 3, 69, 1, 1, 1, 'Chercher le chauffeur de Acid Arab Live au Noz Vad pour le ramener sur site.'),
(208, 1, 3, 67, 4, 1, 1, 'Amener 4 personnes de poni hoax à leur hôtel.'),
(209, 1, 3, 68, 1, 1, 1, 'Chercher une personne de Wax Taylor à l''hôtel Noz Vad et l''amener au catering.'),
(210, 1, 3, 68, 4, 1, 1, 'Amener 4 personnes de Wax Tailor au parking mauve D (plan des parking dispo chez Babeth) pour rejoindre leurs potes.'),
(211, 1, 3, 60, 1, 1, 1, 'Chercher le chauffeur de la Femme au Noz Vad pour le ramener sur site.'),
(212, 1, 3, 64, 2, 1, 1, 'Prendre 2 personnes de Octave Noire à l''accueil pour les amener avec leurs instruments à l''hôtel Noz Vad et les retourner aussitôt sur site. Prendre un Van à cause des instruments.'),
(213, 1, 3, 66, 1, 0, 1, 'Prendre 1 pers à l''hotel et la deposer à la gare'),
(214, 1, 3, 36, 12, 0, 0, 'test des drives'),
(215, 1, 3, 36, 15, 0, NULL, 'Pas de commentaire');

-- --------------------------------------------------------

--
-- Doublure de structure pour la vue `runs_dates`
--
CREATE TABLE IF NOT EXISTS `runs_dates` (
`id_run` int(11)
,`dep` datetime
,`arr` datetime
);
-- --------------------------------------------------------

--
-- Structure de la table `run_type`
--

CREATE TABLE IF NOT EXISTS `run_type` (
  `id` int(11) NOT NULL AUTO_INCREMENT,
  `type` varchar(45) COLLATE latin1_general_ci DEFAULT NULL,
  `invoicing` varchar(45) COLLATE latin1_general_ci DEFAULT NULL,
  `comments` varchar(200) COLLATE latin1_general_ci DEFAULT NULL,
  PRIMARY KEY (`id`)
) ENGINE=InnoDB  DEFAULT CHARSET=latin1 COLLATE=latin1_general_ci AUTO_INCREMENT=5 ;

--
-- Contenu de la table `run_type`
--

INSERT INTO `run_type` (`id`, `type`, `invoicing`, `comments`) VALUES
(1, 'VOITURE DU FESTIVAL', 'PAYE PAR VC', NULL),
(2, 'TAXI PRE-PAID', 'PAYE PAR VC', NULL),
(3, 'TAXI', 'PAYE PAR LE CLIENT', NULL),
(4, 'CAR BUS', 'PAYE PAR VC', NULL);

-- --------------------------------------------------------

--
-- Structure de la table `show`
--

CREATE TABLE IF NOT EXISTS `show` (
  `id` int(11) NOT NULL AUTO_INCREMENT,
  `id_band` int(11) DEFAULT NULL,
  `id_location` int(11) DEFAULT NULL,
  `get_in` datetime DEFAULT NULL,
  `set_up_in` datetime DEFAULT NULL,
  `set_up_out` datetime DEFAULT NULL,
  `soundcheck_in` datetime DEFAULT NULL,
  `soundcheck_out` datetime DEFAULT NULL,
  `show_in` datetime DEFAULT NULL,
  `show_out` datetime DEFAULT NULL,
  PRIMARY KEY (`id`),
  KEY `fk_Show_Band1_idx` (`id_band`)
) ENGINE=InnoDB DEFAULT CHARSET=latin1 COLLATE=latin1_general_ci AUTO_INCREMENT=1 ;

-- --------------------------------------------------------

--
-- Doublure de structure pour la vue `vue_timeline`
--
CREATE TABLE IF NOT EXISTS `vue_timeline` (
`id` int(11)
,`id_run` int(11)
,`depart` varchar(21)
,`arrivee` varchar(21)
,`band` varchar(45)
,`driver` bigint(11)
,`car` bigint(11)
,`statut` varchar(5)
);
-- --------------------------------------------------------

--
-- Structure de la table `way`
--

CREATE TABLE IF NOT EXISTS `way` (
  `id` int(11) NOT NULL AUTO_INCREMENT,
  `comments` varchar(200) COLLATE latin1_general_ci DEFAULT NULL,
  `id_location_depart` int(11) DEFAULT NULL,
  `id_location_arrivee` int(11) DEFAULT NULL,
  `date_heure_depart` datetime DEFAULT NULL,
  `date_heure_arrivee` datetime DEFAULT NULL,
  `id_run` int(11) NOT NULL,
  PRIMARY KEY (`id`),
  KEY `fk_Way_Run1_idx` (`id_run`),
  KEY `id_location_depart` (`id_location_depart`,`id_location_arrivee`),
  KEY `id_location_arrivee` (`id_location_arrivee`)
) ENGINE=InnoDB  DEFAULT CHARSET=latin1 COLLATE=latin1_general_ci AUTO_INCREMENT=466 ;

--
-- Contenu de la table `way`
--

INSERT INTO `way` (`id`, `comments`, `id_location_depart`, `id_location_arrivee`, `date_heure_depart`, `date_heure_arrivee`, `id_run`) VALUES
(1, NULL, 1, 216, '2017-07-13 07:45:00', '2017-07-13 08:45:00', 1),
(2, NULL, 216, 2, '2017-07-13 09:00:00', '2017-07-13 10:00:00', 1),
(3, NULL, 1, 216, '2017-07-13 12:45:00', '2017-07-13 13:50:00', 2),
(4, NULL, 216, 2, '2017-07-13 14:00:00', '2017-07-13 15:20:00', 2),
(7, NULL, 1, 182, '2017-07-13 14:15:00', '2017-07-13 14:25:00', 4),
(8, NULL, 182, 144, '2017-07-13 14:40:00', '2017-07-13 14:50:00', 4),
(9, NULL, 144, 2, '2017-07-13 15:00:00', '2017-07-13 15:15:00', 4),
(10, NULL, 1, 144, '2017-07-14 02:45:00', '2017-07-14 02:55:00', 5),
(11, NULL, 144, 1, '2017-07-14 02:55:00', '2017-07-14 03:05:00', 5),
(12, NULL, 1, 137, '2017-07-15 12:50:00', '2017-07-15 13:40:00', 6),
(13, NULL, 137, 3, '2017-07-15 13:55:00', '2017-07-15 14:45:00', 6),
(14, NULL, 1, 152, '2017-07-13 14:45:00', '2017-07-13 15:45:00', 7),
(15, NULL, 152, 3, '2017-07-13 16:00:00', '2017-07-13 17:20:00', 7),
(16, NULL, 1, 137, '2017-07-13 14:35:00', '2017-07-13 15:25:00', 8),
(17, NULL, 137, 4, '2017-07-13 15:45:00', '2017-07-13 16:35:00', 8),
(18, NULL, 1, 144, '2017-07-15 11:00:00', '2017-07-15 11:10:00', 9),
(19, NULL, 144, 141, '2017-07-15 11:15:00', '2017-07-15 12:15:00', 9),
(20, NULL, 141, 1, '2017-07-15 12:20:00', '2017-07-15 13:15:00', 9),
(23, NULL, 1, 137, '2017-07-13 14:35:00', '2017-07-13 15:25:00', 11),
(24, NULL, 137, 4, '2017-07-13 15:45:00', '2017-07-13 16:35:00', 11),
(25, NULL, 1, 137, '2017-07-13 16:35:00', '2017-07-13 17:25:00', 12),
(26, NULL, 137, 146, '2017-07-13 17:40:00', '2017-07-13 17:50:00', 12),
(27, NULL, 146, 4, '2017-07-13 18:00:00', '2017-07-13 18:50:00', 12),
(28, NULL, 4, 146, '2017-07-14 02:00:00', '2017-07-14 02:50:00', 13),
(29, NULL, 146, 1, '2017-07-14 02:55:00', '2017-07-14 03:45:00', 13),
(30, NULL, 1, 137, '2017-07-13 14:35:00', '2017-07-13 15:25:00', 14),
(31, NULL, 137, 4, '2017-07-13 15:45:00', '2017-07-13 16:30:00', 14),
(34, NULL, 1, 132, '2017-07-13 07:00:00', '2017-07-13 08:05:00', 16),
(35, NULL, 132, 4, '2017-07-13 08:20:00', '2017-07-13 09:25:00', 16),
(36, NULL, 1, 137, '2017-07-13 14:35:00', '2017-07-13 15:20:00', 17),
(37, NULL, 137, 4, '2017-07-13 15:45:00', '2017-07-13 16:30:00', 17),
(38, NULL, 1, 132, '2017-07-13 15:00:00', '2017-07-13 16:05:00', 18),
(39, NULL, 132, 213, '2017-07-13 16:30:00', '2017-07-13 16:40:00', 18),
(40, NULL, 213, 4, '2017-07-13 18:00:00', '2017-07-13 19:05:00', 18),
(41, NULL, 4, 147, '2017-07-14 02:30:00', '2017-07-14 03:20:00', 19),
(42, NULL, 147, 1, '2017-07-14 03:25:00', '2017-07-14 04:15:00', 19),
(43, NULL, 4, 213, '2017-07-13 23:30:00', '2017-07-14 01:06:00', 20),
(44, NULL, 213, 1, '2017-07-14 02:30:00', '2017-07-14 04:30:00', 20),
(45, NULL, 1, 152, '2017-07-15 11:25:00', '2017-07-15 12:25:00', 21),
(46, NULL, 152, 5, '2017-07-15 12:35:00', '2017-07-15 13:35:00', 21),
(47, NULL, 5, 285, '2017-07-16 01:00:00', '2017-07-16 02:45:00', 22),
(48, NULL, 285, 1, '2017-07-16 03:00:00', '2017-07-16 04:15:00', 22),
(49, NULL, 1, NULL, '2017-07-16 04:15:00', '2017-07-16 04:15:00', 22),
(50, NULL, 1, 137, '2017-07-13 14:35:00', '2017-07-13 15:25:00', 23),
(51, NULL, 137, 5, '2017-07-13 15:45:00', '2017-07-13 16:30:00', 23),
(52, NULL, 5, 158, '2017-07-13 23:30:00', '2017-07-14 01:00:00', 24),
(53, NULL, 158, 1, '2017-07-14 02:30:00', '2017-07-14 03:30:00', 24),
(56, NULL, 1, 146, '2017-07-15 11:20:00', '2017-07-15 12:10:00', 26),
(57, NULL, 146, 3, '2017-07-15 12:30:00', '2017-07-15 13:20:00', 26),
(58, NULL, 1, 137, '2017-07-15 16:40:00', '2017-07-15 17:30:00', 27),
(59, NULL, 137, 3, '2017-07-15 17:45:00', '2017-07-15 18:35:00', 27),
(60, NULL, 1, 137, '2017-07-13 22:35:00', '2017-07-13 23:25:00', 28),
(61, NULL, 137, 1, '2017-07-13 23:40:00', '2017-07-14 00:30:00', 28),
(64, NULL, 1, 144, '2017-07-15 12:05:00', '2017-07-15 12:15:00', 30),
(65, NULL, 144, 137, '2017-07-15 12:20:00', '2017-07-15 13:05:00', 30),
(66, NULL, 137, 1, '2017-07-15 13:10:00', '2017-07-15 14:00:00', 30),
(67, NULL, 3, 155, '2017-07-16 00:30:00', '2017-07-16 01:20:00', 31),
(68, NULL, 155, 1, '2017-07-16 01:25:00', '2017-07-16 02:20:00', 31),
(69, NULL, 1, 144, '2017-07-15 05:05:00', '2017-07-15 05:15:00', 32),
(70, NULL, 144, 137, '2017-07-15 05:20:00', '2017-07-15 06:05:00', 32),
(71, NULL, 137, 1, '2017-07-15 06:10:00', '2017-07-15 07:00:00', 32),
(72, NULL, 1, 146, '2017-07-15 00:00:00', '2017-07-15 00:50:00', 33),
(73, NULL, 146, 1, '2017-07-15 01:00:00', '2017-07-15 01:50:00', 33),
(74, NULL, 1, 146, '2017-07-15 02:30:00', '2017-07-15 03:20:00', 34),
(75, NULL, 146, 1, '2017-07-15 03:30:00', '2017-07-15 04:20:00', 34),
(76, NULL, 1, 137, '2017-07-13 14:35:00', '2017-07-13 15:25:00', 35),
(77, NULL, 137, 2, '2017-07-13 15:45:00', '2017-07-13 16:35:00', 35),
(78, NULL, 1, 137, '2017-07-14 09:40:00', '2017-07-14 10:30:00', 36),
(79, NULL, 137, 5, '2017-07-14 10:45:00', '2017-07-14 11:35:00', 36),
(80, NULL, 1, 187, '2017-07-14 11:45:00', '2017-07-14 12:00:00', 37),
(81, NULL, 187, 5, '2017-07-14 12:10:00', '2017-07-14 12:30:00', 37),
(82, NULL, 5, 137, '2017-07-14 18:45:00', '2017-07-14 19:45:00', 38),
(83, NULL, 137, 1, '2017-07-14 19:50:00', '2017-07-14 20:40:00', 38),
(84, NULL, 5, 187, '2017-07-14 22:30:00', '2017-07-14 22:50:00', 39),
(85, NULL, 187, 1, '2017-07-14 22:55:00', '2017-07-14 23:15:00', 39),
(86, NULL, 1, 137, '2017-07-14 11:40:00', '2017-07-14 12:30:00', 40),
(87, NULL, 137, 2, '2017-07-14 12:40:00', '2017-07-14 13:30:00', 40),
(88, NULL, 2, 155, '2017-07-15 00:01:00', '2017-07-15 00:50:00', 41),
(89, NULL, 155, 1, '2017-07-15 00:55:00', '2017-07-15 01:40:00', 41),
(90, NULL, 3, 144, '2017-07-14 23:55:00', '2017-07-15 00:15:00', 42),
(91, NULL, 144, 1, '2017-07-15 00:15:00', '2017-07-15 00:25:00', 42),
(92, NULL, 1, 144, '2017-07-15 08:40:00', '2017-07-15 08:50:00', 43),
(93, NULL, 144, 137, '2017-07-15 08:55:00', '2017-07-15 09:40:00', 43),
(94, NULL, 137, 1, '2017-07-15 09:45:00', '2017-07-15 10:35:00', 43),
(95, NULL, 1, 137, '2017-07-13 09:40:00', '2017-07-13 10:30:00', 44),
(96, NULL, 137, 169, '2017-07-13 10:35:00', '2017-07-13 11:25:00', 44),
(97, NULL, 1, 137, '2017-07-13 14:35:00', '2017-07-13 15:25:00', 45),
(98, NULL, 137, 5, '2017-07-13 15:45:00', '2017-07-13 16:35:00', 45),
(99, NULL, 3, 140, '2017-07-14 17:45:00', '2017-07-14 19:00:00', 46),
(100, NULL, 140, 1, '2017-07-14 19:00:00', '2017-07-14 20:00:00', 46),
(101, NULL, 3, 153, '2017-07-15 00:30:00', '2017-07-15 01:30:00', 47),
(102, NULL, 153, 1, '2017-07-15 01:35:00', '2017-07-15 02:35:00', 47),
(103, NULL, 1, 137, '2017-07-14 05:15:00', '2017-07-14 06:05:00', 48),
(104, NULL, 137, 1, '2017-07-14 06:10:00', '2017-07-14 07:00:00', 48),
(105, NULL, 1, 144, '2017-07-16 17:45:00', '2017-07-16 17:55:00', 49),
(106, NULL, 144, 187, '2017-07-16 18:00:00', '2017-07-16 18:15:00', 49),
(107, NULL, 187, 137, '2017-07-16 18:20:00', '2017-07-16 19:10:00', 49),
(108, NULL, 137, 1, '2017-07-16 19:15:00', '2017-07-16 20:05:00', 49),
(109, NULL, 1, 137, '2017-07-14 16:35:00', '2017-07-14 17:25:00', 50),
(110, NULL, 137, 187, '2017-07-14 17:40:00', '2017-07-14 18:30:00', 50),
(111, NULL, 1, 137, '2017-07-14 11:50:00', '2017-07-14 12:40:00', 51),
(112, NULL, 137, 3, '2017-07-14 12:50:00', '2017-07-14 14:40:00', 51),
(115, NULL, 4, 144, '2017-07-13 14:00:00', '2017-07-13 14:10:00', 53),
(116, NULL, 144, 1, '2017-07-13 14:10:00', '2017-07-13 14:20:00', 53),
(117, NULL, 1, 144, '2017-07-13 18:45:00', '2017-07-13 18:55:00', 54),
(118, NULL, 144, 1, '2017-07-13 19:00:00', '2017-07-13 19:10:00', 54),
(119, NULL, 4, 144, '2017-07-14 00:01:00', '2017-07-14 00:11:00', 55),
(120, NULL, 144, 1, '2017-07-14 00:11:00', '2017-07-14 00:21:00', 55),
(123, NULL, 1, 144, '2017-07-14 08:15:00', '2017-07-14 08:25:00', 57),
(124, NULL, 144, 2, '2017-07-14 08:30:00', '2017-07-14 08:40:00', 57),
(125, NULL, 2, 144, '2017-07-15 00:00:00', '2017-07-15 00:10:00', 58),
(126, NULL, 144, 1, '2017-07-15 00:15:00', '2017-07-15 00:25:00', 58),
(133, NULL, 2, 216, '2017-07-14 02:30:00', '2017-07-14 03:45:00', 62),
(134, NULL, 216, 1, '2017-07-14 03:55:00', '2017-07-14 05:20:00', 62),
(135, NULL, 1, 144, '2017-07-13 07:50:00', '2017-07-13 08:00:00', 63),
(136, NULL, 144, 3, '2017-07-13 08:05:00', '2017-07-13 08:15:00', 63),
(137, NULL, 1, 182, '2017-07-13 14:15:00', '2017-07-13 14:25:00', 64),
(138, NULL, 182, 3, '2017-07-13 14:45:00', '2017-07-13 14:55:00', 64),
(139, NULL, 1, 137, '2017-07-14 16:35:00', '2017-07-14 17:25:00', 65),
(140, NULL, 137, 2, '2017-07-14 17:40:00', '2017-07-14 18:30:00', 65),
(141, NULL, 1, 155, '2017-07-15 03:15:00', '2017-07-15 04:05:00', 66),
(142, NULL, 155, 1, '2017-07-15 04:10:00', '2017-07-15 05:00:00', 66),
(143, NULL, 4, 155, '2017-07-15 01:30:00', '2017-07-15 02:15:00', 67),
(144, NULL, 155, 1, '2017-07-15 02:20:00', '2017-07-15 03:05:00', 67),
(148, NULL, 2, 146, '2017-07-15 02:00:00', '2017-07-15 02:50:00', 70),
(149, NULL, 146, 1, '2017-07-15 02:55:00', '2017-07-15 03:45:00', 70),
(152, NULL, 1, 137, '2017-07-13 14:35:00', '2017-07-13 15:25:00', 72),
(153, NULL, 137, 2, '2017-07-13 15:45:00', '2017-07-13 16:35:00', 72),
(154, NULL, 1, 144, '2017-07-14 13:30:00', '2017-07-14 13:40:00', 73),
(155, NULL, 144, 1, '2017-07-14 13:45:00', '2017-07-14 13:55:00', 73),
(159, NULL, 1, 144, '2017-07-15 02:00:00', '2017-07-15 02:15:00', 75),
(160, NULL, 144, 4, '2017-07-15 02:20:00', '2017-07-15 02:35:00', 75),
(161, NULL, 1, 187, '2017-07-13 12:50:00', '2017-07-13 14:40:00', 76),
(162, NULL, 187, 2, '2017-07-13 14:50:00', '2017-07-13 16:30:00', 76),
(163, NULL, 1, 137, '2017-07-13 12:50:00', '2017-07-13 13:40:00', 77),
(164, NULL, 137, 2, '2017-07-13 13:55:00', '2017-07-13 14:45:00', 77),
(165, NULL, 2, 202, '2017-07-14 01:30:00', '2017-07-14 02:25:00', 78),
(166, NULL, 202, 1, '2017-07-14 02:30:00', '2017-07-14 03:25:00', 78),
(167, NULL, 1, 137, '2017-07-14 18:35:00', '2017-07-14 19:25:00', 79),
(168, NULL, 137, 3, '2017-07-14 19:40:00', '2017-07-14 20:30:00', 79),
(169, NULL, 1, 190, '2017-07-13 14:45:00', '2017-07-13 14:55:00', 80),
(170, NULL, 190, 3, '2017-07-13 15:00:00', '2017-07-13 15:10:00', 80),
(171, NULL, 1, 137, '2017-07-16 13:40:00', '2017-07-16 14:30:00', 81),
(172, NULL, 137, 5, '2017-07-16 14:45:00', '2017-07-16 15:35:00', 81),
(173, NULL, 1, 144, '2017-07-14 09:00:00', '2017-07-14 09:10:00', 82),
(174, NULL, 144, 137, '2017-07-14 09:15:00', '2017-07-14 10:00:00', 82),
(175, NULL, 137, 1, '2017-07-14 10:10:00', '2017-07-14 11:00:00', 82),
(176, NULL, 1, 3, '2017-07-13 13:00:00', '2017-07-13 13:05:00', 83),
(177, NULL, 3, 144, '2017-07-13 13:15:00', '2017-07-13 13:25:00', 83),
(178, NULL, 1, 144, '2017-07-13 14:30:00', '2017-07-13 14:40:00', 84),
(179, NULL, 144, 1, '2017-07-13 14:40:00', '2017-07-13 14:45:00', 84),
(180, NULL, 1, 4, '2017-07-13 20:10:00', '2017-07-13 20:15:00', 85),
(181, NULL, 4, 178, '2017-07-13 20:25:00', '2017-07-13 20:30:00', 85),
(182, NULL, 5, 154, '2017-07-15 19:00:00', '2017-07-15 20:10:00', 86),
(183, NULL, 154, 1, '2017-07-15 20:15:00', '2017-07-15 21:25:00', 86),
(184, NULL, 1, 2, '2017-07-13 18:40:00', '2017-07-13 18:45:00', 87),
(185, NULL, 2, 3, '2017-07-13 18:50:00', '2017-07-13 18:55:00', 87),
(186, NULL, 1, 137, '2017-07-13 18:25:00', '2017-07-13 19:15:00', 88),
(187, NULL, 137, 1, '2017-07-13 19:20:00', '2017-07-13 20:30:00', 88),
(188, NULL, 1, 153, '2017-07-14 09:25:00', '2017-07-14 10:20:00', 89),
(189, NULL, 153, 3, '2017-07-14 10:30:00', '2017-07-14 11:25:00', 89),
(190, NULL, 1, 144, '2017-07-14 07:00:00', '2017-07-14 07:10:00', 90),
(191, NULL, 144, 137, '2017-07-14 07:15:00', '2017-07-14 08:00:00', 90),
(192, NULL, 137, 1, '2017-07-14 08:05:00', '2017-07-14 08:55:00', 90),
(193, NULL, 1, 137, '2017-07-14 20:15:00', '2017-07-14 21:05:00', 91),
(194, NULL, 137, 1, '2017-07-14 21:45:00', '2017-07-14 22:35:00', 91),
(195, NULL, 1, 144, '2017-07-13 18:40:00', '2017-07-13 18:55:00', 92),
(196, NULL, 144, 3, '2017-07-13 19:00:00', '2017-07-13 19:10:00', 92),
(197, NULL, 1, 137, '2017-07-14 14:50:00', '2017-07-14 15:40:00', 93),
(198, NULL, 137, 4, '2017-07-14 15:55:00', '2017-07-14 16:45:00', 93),
(199, NULL, 1, 146, '2017-07-16 13:50:00', '2017-07-16 14:40:00', 94),
(200, NULL, 146, 4, '2017-07-16 14:45:00', '2017-07-16 15:35:00', 94),
(201, NULL, 4, 146, '2017-07-17 00:01:00', '2017-07-17 00:51:00', 95),
(202, NULL, 146, 1, '2017-07-17 00:55:00', '2017-07-17 01:45:00', 95),
(203, NULL, 1, 144, '2017-07-13 19:30:00', '2017-07-13 19:40:00', 96),
(204, NULL, 144, 3, '2017-07-13 19:45:00', '2017-07-13 19:55:00', 96),
(205, NULL, 1, 2, '2017-07-13 20:05:00', '2017-07-13 20:10:00', 97),
(206, NULL, 2, 3, '2017-07-13 20:10:00', '2017-07-13 20:15:00', 97),
(207, NULL, 1, 3, '2017-07-13 20:55:00', '2017-07-13 21:00:00', 98),
(208, NULL, 3, 2, '2017-07-13 21:00:00', '2017-07-13 21:05:00', 98),
(209, NULL, 3, 178, '2017-07-13 20:45:00', '2017-07-13 20:55:00', 99),
(210, NULL, 178, 144, '2017-07-13 21:05:00', '2017-07-13 21:20:00', 99),
(211, NULL, 1, 3, '2017-07-13 21:55:00', '2017-07-13 22:00:00', 100),
(212, NULL, 3, 178, '2017-07-13 22:00:00', '2017-07-13 22:10:00', 100),
(213, NULL, 1, 178, '2017-07-13 21:10:00', '2017-07-13 21:15:00', 101),
(214, NULL, 178, 4, '2017-07-13 21:15:00', '2017-07-13 21:20:00', 101),
(215, NULL, 1, 144, '2017-07-13 23:00:00', '2017-07-13 23:15:00', 102),
(216, NULL, 144, 3, '2017-07-13 23:15:00', '2017-07-13 23:30:00', 102),
(217, NULL, 1, 144, '2017-07-14 02:05:00', '2017-07-14 02:15:00', 103),
(218, NULL, 144, 1, '2017-07-14 02:15:00', '2017-07-14 02:30:00', 103),
(219, NULL, 5, 158, '2017-07-14 01:00:00', '2017-07-14 02:00:00', 104),
(220, NULL, 158, 1, '2017-07-14 02:00:00', '2017-07-14 03:00:00', 104),
(221, NULL, 1, 144, '2017-07-14 09:15:00', '2017-07-14 09:25:00', 105),
(222, NULL, 144, 2, '2017-07-14 09:30:00', '2017-07-14 09:40:00', 105),
(223, NULL, 1, 132, '2017-07-15 16:45:00', '2017-07-15 17:50:00', 106),
(224, NULL, 132, 169, '2017-07-15 18:20:00', '2017-07-15 19:25:00', 106),
(227, NULL, 1, 144, '2017-07-14 16:50:00', '2017-07-14 18:00:00', 108),
(228, NULL, 144, 4, '2017-07-14 18:10:00', '2017-07-14 18:20:00', 108),
(229, NULL, 1, 144, '2017-07-14 12:50:00', '2017-07-14 13:00:00', 109),
(230, NULL, 144, 1, '2017-07-14 13:05:00', '2017-07-14 13:15:00', 109),
(231, NULL, 1, 144, '2017-07-14 20:50:00', '2017-07-14 21:00:00', 110),
(232, NULL, 144, 4, '2017-07-14 21:05:00', '2017-07-14 21:15:00', 110),
(233, NULL, 1, 137, '2017-07-14 13:40:00', '2017-07-14 14:30:00', 111),
(234, NULL, 137, 3, '2017-07-14 14:45:00', '2017-07-14 15:35:00', 111),
(235, NULL, 1, 3, '2017-07-14 14:55:00', '2017-07-14 15:00:00', 112),
(236, NULL, 3, 182, '2017-07-14 15:00:00', '2017-07-14 15:20:00', 112),
(237, NULL, 1, 4, '2017-07-14 16:20:00', '2017-07-14 16:30:00', 113),
(238, NULL, 4, 169, '2017-07-14 16:30:00', '2017-07-14 16:35:00', 113),
(239, NULL, 1, 169, '2017-07-14 17:50:00', '2017-07-14 17:55:00', 114),
(240, NULL, 169, 4, '2017-07-14 18:00:00', '2017-07-14 18:05:00', 114),
(241, NULL, 1, 182, '2017-07-16 20:30:00', '2017-07-16 20:40:00', 115),
(242, NULL, 182, 2, '2017-07-16 20:45:00', '2017-07-16 20:55:00', 115),
(243, NULL, 1, 144, '2017-07-17 08:20:00', '2017-07-17 08:30:00', 116),
(244, NULL, 144, 182, '2017-07-17 08:40:00', '2017-07-17 08:40:00', 116),
(245, NULL, 182, 1, '2017-07-17 08:45:00', '2017-07-17 09:00:00', 116),
(246, NULL, 1, 4, '2017-07-14 15:10:00', '2017-07-14 15:15:00', 117),
(247, NULL, 4, 178, '2017-07-14 15:15:00', '2017-07-14 15:20:00', 117),
(248, NULL, 3, 147, '2017-07-14 23:00:00', '2017-07-14 23:50:00', 118),
(249, NULL, 147, 1, '2017-07-15 01:00:00', '2017-07-15 01:50:00', 118),
(250, NULL, 1, 3, '2017-07-14 15:15:00', '2017-07-14 15:20:00', 119),
(251, NULL, 3, 144, '2017-07-14 15:20:00', '2017-07-14 16:00:00', 119),
(252, NULL, 1, 182, '2017-07-15 15:30:00', '2017-07-15 15:40:00', 120),
(253, NULL, 182, 4, '2017-07-15 15:55:00', '2017-07-15 16:05:00', 120),
(254, NULL, 4, 146, '2017-07-16 03:00:00', '2017-07-16 03:45:00', 121),
(255, NULL, 146, 1, '2017-07-16 03:50:00', '2017-07-16 04:40:00', 121),
(256, NULL, 1, 144, '2017-07-14 19:15:00', '2017-07-14 19:30:00', 122),
(257, NULL, 144, 3, '2017-07-14 19:30:00', '2017-07-14 19:45:00', 122),
(258, NULL, 1, 144, '2017-07-14 16:10:00', '2017-07-14 16:25:00', 123),
(259, NULL, 144, 1, '2017-07-14 16:25:00', '2017-07-14 16:40:00', 123),
(260, NULL, 3, 144, '2017-07-14 16:30:00', '2017-07-14 16:45:00', 124),
(261, NULL, 144, 3, '2017-07-14 16:45:00', '2017-07-14 17:00:00', 124),
(262, NULL, 2, NULL, '2017-07-14 21:30:00', '2017-07-14 21:40:00', 125),
(263, NULL, NULL, 1, '2017-07-14 21:45:00', '2017-07-14 21:55:00', 125),
(264, NULL, 3, 144, '2017-07-14 17:30:00', '2017-07-14 17:45:00', 126),
(265, NULL, 144, 1, '2017-07-14 17:45:00', '2017-07-14 18:00:00', 126),
(266, NULL, 4, 187, '2017-07-15 02:30:00', '2017-07-15 03:00:00', 127),
(267, NULL, 187, 1, '2017-07-15 03:10:00', '2017-07-15 03:40:00', 127),
(268, NULL, 4, 178, '2017-07-14 23:25:00', '2017-07-14 23:30:00', 128),
(269, NULL, 178, 1, '2017-07-14 23:30:00', '2017-07-14 23:35:00', 128),
(270, NULL, 4, 132, '2017-07-16 04:00:00', '2017-07-16 05:10:00', 129),
(271, NULL, 132, 152, '2017-07-16 05:15:00', '2017-07-16 05:45:00', 129),
(272, NULL, 1, 132, '2017-07-15 10:20:00', '2017-07-15 11:25:00', 130),
(273, NULL, 132, 3, '2017-07-15 11:55:00', '2017-07-15 13:00:00', 130),
(274, NULL, 1, 132, '2017-07-15 16:40:00', '2017-07-15 17:45:00', 131),
(275, NULL, 132, 3, '2017-07-15 18:20:00', '2017-07-15 19:25:00', 131),
(276, NULL, 3, 178, '2017-07-14 20:30:00', '2017-07-14 20:35:00', 132),
(277, NULL, 178, 1, '2017-07-14 20:35:00', '2017-07-14 20:40:00', 132),
(278, NULL, 2, 202, '2017-07-15 01:30:00', '2017-07-15 02:30:00', 133),
(279, NULL, 202, 1, '2017-07-15 02:35:00', '2017-07-15 03:35:00', 133),
(280, NULL, 1, 187, '2017-07-14 23:00:00', '2017-07-14 23:20:00', 134),
(281, NULL, 187, 1, '2017-07-14 23:30:00', '2017-07-14 23:50:00', 134),
(282, NULL, 1, 187, '2017-07-15 11:00:00', '2017-07-15 11:20:00', 135),
(283, NULL, 187, 1, '2017-07-15 11:30:00', '2017-07-15 11:50:00', 135),
(284, NULL, 1, 144, '2017-07-15 10:10:00', '2017-07-15 10:20:00', 136),
(285, NULL, 144, 3, '2017-07-15 10:20:00', '2017-07-15 10:30:00', 136),
(286, NULL, 1, 150, '2017-07-16 06:50:00', '2017-07-16 08:00:00', 137),
(287, NULL, 150, 2, '2017-07-16 08:15:00', '2017-07-16 09:25:00', 137),
(288, NULL, 1, 150, '2017-07-16 08:30:00', '2017-07-16 09:40:00', 138),
(289, NULL, 150, 2, '2017-07-16 09:45:00', '2017-07-16 11:00:00', 138),
(290, NULL, 1, 150, '2017-07-16 15:15:00', '2017-07-16 16:25:00', 139),
(291, NULL, 150, 2, '2017-07-16 16:40:00', '2017-07-16 17:50:00', 139),
(292, NULL, 1, 150, '2017-07-16 15:45:00', '2017-07-16 16:55:00', 140),
(293, NULL, 150, 2, '2017-07-16 17:10:00', '2017-07-16 18:20:00', 140),
(294, NULL, 2, 150, '2017-07-16 21:30:00', '2017-07-16 22:40:00', 141),
(295, NULL, 150, 1, '2017-07-16 22:45:00', '2017-07-16 23:55:00', 141),
(296, NULL, 1, 160, '2017-07-15 01:00:00', '2017-07-15 01:25:00', 142),
(297, NULL, 160, 1, '2017-07-15 01:30:00', '2017-07-15 01:50:00', 142),
(298, NULL, 2, 150, '2017-07-16 23:00:00', '2017-07-17 00:10:00', 143),
(299, NULL, 150, 1, '2017-07-17 00:15:00', '2017-07-17 01:25:00', 143),
(300, NULL, 1, 150, '2017-07-16 14:15:00', '2017-07-16 15:25:00', 144),
(301, NULL, 150, 2, '2017-07-16 15:35:00', '2017-07-16 16:45:00', 144),
(302, NULL, 2, 132, '2017-07-16 21:15:00', '2017-07-16 22:20:00', 145),
(303, NULL, 132, 1, '2017-07-16 22:30:00', '2017-07-16 23:35:00', 145),
(304, NULL, 1, 144, '2017-07-15 02:05:00', '2017-07-15 02:15:00', 146),
(305, NULL, 144, 1, '2017-07-15 02:20:00', '2017-07-15 02:30:00', 146),
(306, NULL, 1, 150, '2017-07-15 14:00:00', '2017-07-15 15:10:00', 147),
(307, NULL, 150, 1, '2017-07-15 15:20:00', '2017-07-15 16:30:00', 147),
(308, NULL, 2, 150, '2017-07-16 12:30:00', '2017-07-16 13:40:00', 148),
(309, NULL, 150, 1, '2017-07-16 13:45:00', '2017-07-16 14:55:00', 148),
(310, NULL, 178, 150, '2017-07-16 12:45:00', '2017-07-16 13:55:00', 149),
(311, NULL, 150, 1, '2017-07-16 14:00:00', '2017-07-16 15:10:00', 149),
(312, NULL, 2, 150, '2017-07-16 23:30:00', '2017-07-17 00:30:00', 150),
(313, NULL, 150, 1, '2017-07-17 00:45:00', '2017-07-17 01:45:00', 150),
(314, NULL, 1, 144, '2017-07-15 09:50:00', '2017-07-15 10:00:00', 151),
(315, NULL, 144, 1, '2017-07-15 10:05:00', '2017-07-15 10:15:00', 151),
(318, NULL, 1, 187, '2017-07-16 09:30:00', '2017-07-16 10:40:00', 152),
(319, NULL, 187, 2, '2017-07-16 11:00:00', '2017-07-16 12:00:00', 152),
(320, NULL, 1, 202, '2017-07-16 18:45:00', '2017-07-16 19:50:00', 153),
(321, NULL, 202, 2, '2017-07-16 20:00:00', '2017-07-16 20:50:00', 153),
(322, NULL, 1, 202, '2017-07-16 20:30:00', '2017-07-16 21:25:00', 154),
(323, NULL, 202, 2, '2017-07-16 21:35:00', '2017-07-16 22:30:00', 154),
(324, NULL, 2, 202, '2017-07-17 01:00:00', '2017-07-17 01:55:00', 155),
(325, NULL, 202, 1, '2017-07-17 02:00:00', '2017-07-17 02:55:00', 155),
(326, NULL, 1, 137, '2017-07-16 12:55:00', '2017-07-16 13:40:00', 156),
(327, NULL, 137, 3, '2017-07-16 13:55:00', '2017-07-16 14:45:00', 156),
(328, NULL, 1, 144, '2017-07-15 09:45:00', '2017-07-15 09:50:00', 157),
(329, NULL, 144, 1, '2017-07-15 09:55:00', '2017-07-15 10:00:00', 157),
(330, NULL, 1, 144, '2017-07-15 13:05:00', '2017-07-15 13:15:00', 158),
(331, NULL, 144, 1, '2017-07-15 13:20:00', '2017-07-15 13:30:00', 158),
(332, NULL, 1, 190, '2017-07-15 13:45:00', '2017-07-15 14:00:00', 159),
(333, NULL, 190, 1, '2017-07-15 14:00:00', '2017-07-15 14:15:00', 159),
(334, NULL, 1, 144, '2017-07-15 10:20:00', '2017-07-15 10:30:00', 160),
(335, NULL, 144, 4, '2017-07-15 10:30:00', '2017-07-15 10:40:00', 160),
(336, NULL, 1, 132, '2017-07-15 20:10:00', '2017-07-15 21:15:00', 161),
(337, NULL, 132, 3, '2017-07-15 21:35:00', '2017-07-15 22:40:00', 161),
(338, NULL, 3, 286, '2017-07-16 01:30:00', '2017-07-16 02:40:00', 162),
(339, NULL, 286, 1, '2017-07-16 02:50:00', '2017-07-16 04:00:00', 162),
(340, NULL, 1, 144, '2017-07-15 18:15:00', '2017-07-15 18:30:00', 163),
(341, NULL, 144, 1, '2017-07-15 18:30:00', '2017-07-15 18:45:00', 163),
(342, NULL, 3, 144, '2017-07-15 14:30:00', '2017-07-15 14:40:00', 164),
(343, NULL, 144, 1, '2017-07-15 14:50:00', '2017-07-15 15:00:00', 164),
(344, NULL, 1, 144, '2017-07-16 06:30:00', '2017-07-16 06:40:00', 165),
(345, NULL, 144, 3, '2017-07-16 06:45:00', '2017-07-16 06:55:00', 165),
(346, NULL, 3, 137, '2017-07-15 14:45:00', '2017-07-15 15:35:00', 166),
(347, NULL, 137, 1, '2017-07-15 15:40:00', '2017-07-15 16:30:00', 166),
(348, NULL, 1, 134, '2017-07-16 09:00:00', '2017-07-16 10:00:00', 167),
(349, NULL, 134, 2, '2017-07-16 10:45:00', '2017-07-16 11:45:00', 167),
(350, NULL, 4, 187, '2017-07-16 02:30:00', '2017-07-16 03:20:00', 168),
(351, NULL, 187, 1, '2017-07-16 03:25:00', '2017-07-16 03:45:00', 168),
(352, NULL, 3, 187, '2017-07-15 13:30:00', '2017-07-15 14:00:00', 169),
(353, NULL, 187, 1, '2017-07-15 14:05:00', '2017-07-15 14:10:00', 169),
(354, NULL, 4, 178, '2017-07-15 14:30:00', '2017-07-15 14:35:00', 170),
(355, NULL, 178, 1, '2017-07-15 14:35:00', '2017-07-15 14:40:00', 170),
(356, NULL, 1, 190, '2017-07-15 15:00:00', '2017-07-15 15:10:00', 171),
(357, NULL, 190, 2, '2017-07-15 15:20:00', '2017-07-15 15:30:00', 171),
(358, NULL, 152, 1, '2017-07-16 05:50:00', '2017-07-16 07:00:00', 129),
(359, NULL, 2, 137, '2017-07-15 19:15:00', '2017-07-15 20:05:00', 172),
(360, NULL, 137, 1, '2017-07-15 20:10:00', '2017-07-15 21:00:00', 172),
(361, NULL, 1, 286, '2017-07-15 20:30:00', '2017-07-15 21:45:00', 173),
(362, NULL, 286, 3, '2017-07-15 22:00:00', '2017-07-15 23:15:00', 173),
(363, NULL, 1, 5, '2017-07-15 20:55:00', '2017-07-15 21:00:00', 174),
(364, NULL, 5, 3, '2017-07-15 21:30:00', '2017-07-15 21:40:00', 174),
(365, NULL, 1, 182, '2017-07-15 18:40:00', '2017-07-15 18:55:00', 175),
(366, NULL, 182, 4, '2017-07-15 19:00:00', '2017-07-15 19:15:00', 175),
(367, NULL, 1, 144, '2017-07-15 17:45:00', '2017-07-15 17:55:00', 176),
(368, NULL, 144, 3, '2017-07-15 18:00:00', '2017-07-15 18:10:00', 176),
(369, NULL, 1, 4, '2017-07-15 22:00:00', '2017-07-15 22:10:00', 177),
(370, NULL, 4, 178, '2017-07-15 22:15:00', '2017-07-15 22:20:00', 177),
(371, NULL, 1, 185, '2017-07-16 16:25:00', '2017-07-16 17:25:00', 178),
(372, NULL, 185, 3, '2017-07-16 17:40:00', '2017-07-16 18:40:00', 178),
(373, NULL, 3, 185, '2017-07-17 00:01:00', '2017-07-17 01:01:00', 179),
(374, NULL, 185, 1, '2017-07-17 02:01:00', '2017-07-17 03:01:00', 179),
(375, NULL, 1, 132, '2017-07-15 21:15:00', '2017-07-15 22:20:00', 180),
(376, NULL, 132, 3, '2017-07-15 22:25:00', '2017-07-15 22:30:00', 180),
(377, NULL, 1, 187, '2017-07-17 01:00:00', '2017-07-17 02:00:00', 181),
(378, NULL, 187, 1, '2017-07-17 02:00:00', '2017-07-17 03:00:00', 181),
(379, NULL, 1, 147, '2017-07-16 18:40:00', '2017-07-16 19:30:00', 182),
(380, NULL, 147, 5, '2017-07-16 19:40:00', '2017-07-16 20:30:00', 182),
(381, NULL, 5, 147, '2017-07-17 01:30:00', '2017-07-17 02:20:00', 183),
(382, NULL, 147, 1, '2017-07-17 02:30:00', '2017-07-17 03:20:00', 183),
(383, NULL, 1, 144, '2017-07-17 08:45:00', '2017-07-17 08:55:00', 184),
(384, NULL, 144, 137, '2017-07-17 09:00:00', '2017-07-17 09:45:00', 184),
(385, NULL, 137, 1, '2017-07-17 09:50:00', '2017-07-17 10:40:00', 184),
(386, NULL, 1, 137, '2017-07-16 12:50:00', '2017-07-16 13:40:00', 185),
(387, NULL, 137, 4, '2017-07-16 13:50:00', '2017-07-16 14:40:00', 185),
(388, NULL, 5, 155, '2017-07-16 23:00:00', '2017-07-16 23:45:00', 186),
(389, NULL, 155, 1, '2017-07-16 23:55:00', '2017-07-17 01:10:00', 186),
(390, NULL, 1, 144, '2017-07-17 11:15:00', '2017-07-17 11:25:00', 187),
(391, NULL, 144, 137, '2017-07-17 11:30:00', '2017-07-17 12:15:00', 187),
(392, NULL, 137, 1, '2017-07-17 12:20:00', '2017-07-17 13:10:00', 187),
(393, NULL, 1, 144, '2017-07-16 08:45:00', '2017-07-16 08:55:00', 188),
(394, NULL, 144, 1, '2017-07-16 09:00:00', '2017-07-16 09:10:00', 188),
(395, NULL, 1, 144, '2017-07-16 10:15:00', '2017-07-16 10:25:00', 189),
(396, NULL, 144, 4, '2017-07-16 10:25:00', '2017-07-16 10:35:00', 189),
(397, NULL, 1, 144, '2017-07-16 09:45:00', '2017-07-16 09:55:00', 190),
(398, NULL, 144, NULL, '2017-07-16 09:55:00', '2017-07-16 11:15:00', 190),
(399, NULL, NULL, 1, '2017-07-16 11:25:00', '2017-07-16 12:30:00', 190),
(400, NULL, 4, 144, '2017-07-16 03:30:00', '2017-07-16 03:40:00', 191),
(401, NULL, 144, 1, '2017-07-16 03:40:00', '2017-07-16 03:50:00', 191),
(402, NULL, 1, 144, '2017-07-16 13:45:00', '2017-07-16 13:55:00', 192),
(403, NULL, 144, 1, '2017-07-16 13:55:00', '2017-07-16 14:05:00', 192),
(406, NULL, 1, 287, '2017-07-16 12:10:00', '2017-07-16 12:25:00', 193),
(407, NULL, 287, 1, '2017-07-16 12:35:00', '2017-07-16 12:45:00', 193),
(408, NULL, 1, 141, '2017-07-16 14:15:00', '2017-07-16 15:10:00', 194),
(409, NULL, 141, 4, '2017-07-16 15:20:00', '2017-07-16 16:15:00', 194),
(410, NULL, 3, 144, '2017-07-16 15:30:00', '2017-07-16 15:45:00', 195),
(411, NULL, 144, 1, '2017-07-16 15:50:00', '2017-07-16 16:10:00', 195),
(412, NULL, 3, 144, '2017-07-16 14:00:00', '2017-07-16 14:10:00', 196),
(413, NULL, 144, 1, '2017-07-16 14:15:00', '2017-07-16 14:25:00', 196),
(414, NULL, 1, 144, '2017-07-16 20:15:00', '2017-07-16 20:25:00', 197),
(415, NULL, 144, 2, '2017-07-16 20:30:00', '2017-07-16 20:45:00', 197),
(420, NULL, 2, 144, '2017-07-17 02:00:00', '2017-07-17 02:10:00', 201),
(421, NULL, 144, 1, '2017-07-17 02:15:00', '2017-07-17 02:25:00', 201),
(422, NULL, 1, 144, '2017-07-17 10:15:00', '2017-07-17 10:25:00', 202),
(423, NULL, 144, 137, '2017-07-17 10:30:00', '2017-07-17 11:30:00', 202),
(424, NULL, 1, 146, '2017-07-16 16:55:00', '2017-07-16 17:45:00', 203),
(425, NULL, 146, 4, '2017-07-16 17:50:00', '2017-07-16 18:40:00', 203),
(426, NULL, 1, 2, '2017-07-17 01:00:00', '2017-07-17 01:05:00', 204),
(427, NULL, 2, 144, '2017-07-17 01:10:00', '2017-07-17 01:20:00', 204),
(428, NULL, 137, 1, '2017-07-17 11:35:00', '2017-07-17 12:25:00', 202),
(429, NULL, 1, 144, '2017-07-16 19:55:00', '2017-07-16 20:05:00', 205),
(430, NULL, 144, 2, '2017-07-16 20:10:00', '2017-07-16 20:20:00', 205),
(431, NULL, 5, 155, '2017-07-16 22:00:00', '2017-07-16 22:45:00', 206),
(432, NULL, 155, 1, '2017-07-16 22:50:00', '2017-07-16 23:35:00', 206),
(433, NULL, 1, 144, '2017-07-17 00:15:00', '2017-07-17 00:25:00', 207),
(434, NULL, 144, 1, '2017-07-17 00:30:00', '2017-07-17 00:40:00', 207),
(435, NULL, 4, 146, '2017-07-17 01:30:00', '2017-07-17 02:20:00', 208),
(436, NULL, 146, 1, '2017-07-17 02:20:00', '2017-07-17 03:10:00', 208),
(437, NULL, 1, 144, '2017-07-16 20:15:00', '2017-07-16 20:25:00', 209),
(438, NULL, 144, 178, '2017-07-16 20:25:00', '2017-07-16 20:35:00', 209),
(439, NULL, 4, 187, '2017-07-17 00:30:00', '2017-07-17 00:50:00', 210),
(440, NULL, 187, 1, '2017-07-17 00:55:00', '2017-07-17 01:15:00', 210),
(441, NULL, 1, 144, '2017-07-16 21:40:00', '2017-07-16 21:50:00', 211),
(442, NULL, 144, 1, '2017-07-16 21:50:00', '2017-07-16 22:00:00', 211),
(443, NULL, 1, 144, '2017-07-16 22:40:00', '2017-07-16 22:50:00', 212),
(444, NULL, 144, 1, '2017-07-16 23:00:00', '2017-07-16 23:10:00', 212),
(445, NULL, 1, 144, '2017-07-17 09:15:00', '2017-07-17 09:25:00', 213),
(446, NULL, 144, 182, '2017-07-17 09:30:00', '2017-07-17 09:40:00', 213),
(447, NULL, 182, 1, '2017-07-17 09:45:00', '2017-07-17 09:55:00', 213),
(462, NULL, 1, 137, '2017-07-17 15:30:00', '2017-07-17 16:20:00', 214),
(463, NULL, 137, 1, '2017-07-17 16:20:00', '2017-07-17 17:10:00', 214),
(464, NULL, 1, 137, '2017-07-17 15:00:00', '2017-07-17 15:50:00', 215),
(465, NULL, 137, 1, '2017-07-17 15:50:00', '2017-07-17 16:40:00', 215);

-- --------------------------------------------------------

--
-- Structure de la vue `runs_dates`
--
DROP TABLE IF EXISTS `runs_dates`;

CREATE ALGORITHM=UNDEFINED DEFINER=`root`@`localhost` SQL SECURITY DEFINER VIEW `runs_dates` AS select `way`.`id_run` AS `id_run`,min(`way`.`date_heure_depart`) AS `dep`,max(`way`.`date_heure_arrivee`) AS `arr` from `way` group by `way`.`id_run`;

-- --------------------------------------------------------

--
-- Structure de la vue `vue_timeline`
--
DROP TABLE IF EXISTS `vue_timeline`;

CREATE ALGORITHM=UNDEFINED DEFINER=`root`@`localhost` SQL SECURITY DEFINER VIEW `vue_timeline` AS select `d`.`id` AS `id`,`r`.`id` AS `id_run`,date_format((`d`.`start` - interval 1 month),'%Y,%m,%d,%H,%i') AS `depart`,date_format((`d`.`end` - interval 1 month),'%Y,%m,%d,%H,%i') AS `arrivee`,`b`.`name` AS `band`,if(isnull(`p`.`id`),-(1),`p`.`id`) AS `driver`,if(isnull(`c`.`id`),-(1),`c`.`id`) AS `car`,if((`d`.`status` = 1),'white',if((isnull(`p`.`id`) or isnull(`c`.`id`)),'red','green')) AS `statut` from ((((`run` `r` left join `drive` `d` on((`r`.`id` = `d`.`id_run`))) left join `car` `c` on((`d`.`id_car` = `c`.`id`))) left join `people` `p` on((`d`.`id_driver` = `p`.`id`))) join `band` `b` on((`r`.`id_band` = `b`.`id`))) order by `r`.`id`,`d`.`id`;

/*!40101 SET CHARACTER_SET_CLIENT=@OLD_CHARACTER_SET_CLIENT */;
/*!40101 SET CHARACTER_SET_RESULTS=@OLD_CHARACTER_SET_RESULTS */;
/*!40101 SET COLLATION_CONNECTION=@OLD_COLLATION_CONNECTION */;
